email_id,subject,from,to,date,message
0,Electronic Pay Stubs,enron.payroll@enron.com,clint.dean@enron.com,"Mon, 1 Oct 2001 19:06:29 -0700 (PDT)"," CDEAN (Non-Privileged).pst

Get ready.  Beginning in November, electronic pay stubs will be available to all employees who have their paychecks direct deposited into their bank account.  Electronic pay stubs are an easy, fast, and efficient way for you to get your payroll information.  They will also help Enron to realize a considerable savings in time and dollars spent over traditional printed pay stubs.

If you prefer to receive a hardcopy of your pay stub, click on the link below to complete a request form.  This form must be submitted to Payroll by October 15, 2001.  Unless you submit a form your pay stub information will default to electronic viewing.

Please click on the link below.

Name:             CLINT DEAN
Personnel number: P00509091
Phone:            7138530484

If you have questions about electronic pay stubs, please contact Janice Priddy (Payroll) 713-853-7839 or Marie Newhouse (ClickAtHome) at 713-345-4185 or send an email to  Enron.Payroll@enron.com (Enron Payroll in Outlook).

Stay tuned for more details in the coming weeks.

http://etcsurvey.corp.enron.com/wi/p0810709/i.asp?r=13368&s=BGJGZNXG&l=9"
1,revised amendment,llmaser@degeurinrealty.com,clint.dean@enron.com,"Thu, 27 Sep 2001 13:45:08 -0700 (PDT)"," CDEAN (Non-Privileged).pst

Hi there!
Please print and initial next to each paragraph.
Then forward to Martha Turner Properties--fax 713-520-
8628 att. Louise Cody.  Please direct her to fax it
back signed to 713-782-7861.
Thanks!
Lesley
 - Dean pg 3.doc "
2,True Orange Fax/E-Mail #109,dgagliardi@reliantenergy.com,clint.dean@enron.com,"Tue, 21 Nov 2000 23:57:00 -0800 (PST)"," cdean.nsf

---------------------- Forwarded by David M Gagliardi/TTG/HouInd on
11/22/2000 07:57 AM ---------------------------


mggagliardi@duke-energy.com on 11/22/2000 07:22:03 AM

To:   DGagliardi@reliantenergy.com, David_Ricks@GSDM.com
cc:

Subject:  True Orange Fax/E-Mail #109



----- Forwarded by Michael Gagliardi/Hou-ComOps/EnergyTrading/PEC on
11/22/2000 07:21 AM -----

TruOrange@aol
.com                 To:     TruOrange@aol.com
cc:
11/21/2000           Subject:     True Orange
Fax/E-Mail #109
09:06 PM





True Orange Fax/E-Mail Service
Volume 8, Fax/E-Mail #109, Tuesday, November 21, 2000
Jerry Scarbrough's True Orange, P. O. Box 26530, Austin, Texas 78755 -
Phone
512-795-8536

Applewhite Works Out, But Brown Says  Simms Will Start

QB Major Applewhite worked out Tuesday without any obvious problems with
his
sprained knee, but coach Mack Brown said backup QB Chris Simms will start
Friday against Texas A&M.
""If it (the knee) doesn't swell, he has a chance to be available to play if

we need him to win,"" Brown said, adding that the trainers will check
Applewhite's knee after each practice to see if there is any swelling.
""Major did everything today,"" he said. ""He dropped back, he sprinted out,
and
I was surprised at how well he was moving.""
But Brown said Simms will start and Applewhite will be held in reserve in
case he is needed.
""The doctors said Major is between questionable and probable,"" Brown said.
He
said he isn't sure what that means, but it probably means he can play in a
pinch ? and that means if the coaches feel Simms isn't getting the job done

and the team is in danger of losing the game.
""Chris will start the game for us,"" Brown said, ""and if Major is healthy
enough to go, we will use him to win the ball game if necessary.""
Brown said  safety Lee Jackson and TE Brock Edwards, both battling leg
injuries, won't be able to play against A&M.
Brown also encouraged all fans to meet the team two hours before the game
Friday. The team will arrive at the south end of Royal Memorial Stadium at
12:30 p.m. Brown said the team will need a lot of fan support to wind
Friday
and remain unbeaten this year at home.
Defensive coordinator  Carl Reese said he will use a lot of defensive
formations against A&M, but he said the traditional 4-3 probably will be
used
most of the time because of the Aggies' strong running game.
""They really like to use their power running game,"" he said, ""and that's
something we have to stop. They can throw the ball much better than in the
past, but we need to make them one-dimensional.""
* * * *
THE WEATHER: The weather forecast for Friday afternoon calls for
temperatures
in the high 50s, some thunderstorms and possibly some gusting winds.
* * * *
Senior OT Leonard Davis was the only Longhorn chosen for the Football
Writers
Association of America's All-America team. WR Roy Williams and DE Kalen T
hornton were chosen to the Rivals.com True Freshman All-America team and
WR B. J. Johnson made honorable mention. Williams was chosen as the
offensive
player of the year.
* * * *
FOOTBALL RECRUITING NOTES: I missed a Longhorn who committed to A&M in my
fax/e-mail last night. CB Roderick Babers said he committed to A&M ""for
about
two hours, and then Mack Brown talked me out of it.""  The others who
committed to A&M before switching to Texas are QB Major Applewhite, OT
Leonard Davis and backup TB Victor Ike. Another Longhorn who came close to
being an Aggie is redshirt freshman QB Chance Mock, who was all set to
commit
to A&M last year before taking a trip to Texas ""just to be sure."" He said
Texas would have ""to blow me away"" to keep him from committing to A&M. When

he got back home and committed to Texas, he had a simple explanation. ""They

blew me away,"" he said. . . DT Tommie Harris of Killeen Ellison and S
Dewayne
Brandon of Temple, two of the state's top players, both plan to come to the

game Friday. Many other top players would have attended, but they are on
playoff teams and have games to play Friday or Saturday. . . Here's my very

early top dozen Texas' recruits for next year: QB Reggie McNeal, 6-3, 180,
4.5, Lufkin; WR J. T. Perry, 6-1, 180, 4.4, Allen; DTs Rodrique Wright,
6-5,
300, 5.0, Alief Hastings; Earl Anderson,  6-4, 270, 4.9, San Marcos, and
Marco Martin, 6-4, 290, 4.7, Mesquite; DE Travis Leitko, 6-5, 255, 4.7, The

Woodlands; LBs Marvin Byrdsong, 6-3, 240, 4.5, Longview; Andy Matakis, 6-3,

220, 4.55, Corpus Christi Flower Bluff, and Archie McDaniel, 6-3, 225, 4.7,

Bay City; S Michael Cuba, 6-3, 190, Taylor, and Athletes Vincent Young,
6-5,
200, 4.5, Houston Madison, and Broderick Thomas, 6-0, 190, 4.5, Longview.
* * * *
My next e-mail/fax will be whenever events warrant.
* * * *
The True Orange Fax Service includes  at  least  99 faxes  a year and costs

$99 ($79 by E-Mail). The True Orange Newsletter includes  26 newsletters
and
is published weekly during football season and twice monthly during most of

the other months. It costs $45. Save by subscribing to both for $130 (or
$110
if you take the faxes via E-Mail  or $99 if you take the faxes and
newsletter
via E-Mail). Send check  to address at the top of page. I also  update my
900 number ? 1-900-288-8839 ? daily with recruiting news. My E-Mail address

is: truorange@aol.com





"
3,1/2 Day seminar: THE NEW TEXAS ELECTRIC MARKET,lance.cunningham@enron.com,clint.dean@enron.com,"Mon, 16 Apr 2001 03:08:00 -0700 (PDT)"," vkamins.nsf

FYI,

I thought some of you might be interested in this half day seminar at UT.  
Bill Hogan, as well as speakers from the ISO and PUC are scheduled to speak.  
I plan to attend.  If we have more than 3, we can register as a group for 
$145/person - if more than 10 attend, the price is $100/person.  Ross 
Baldick, one of Martin Lin's and my advisor is the moderator.  It may prove 
both interesting and contentious will Hogan being there.

http://lifelong.engr.utexas.edu/courses/short/shortcourse.cfm?course_num=425

Lance
---------------------- Forwarded by Lance Cunningham/NA/Enron on 04/16/2001 
09:51 AM ---------------------------


""Lance B. Cunningham"" <lbcunningham@mail.utexas.edu> on 04/15/2001 05:06:06 PM
To: lance.cunningham@enron.com
cc:  

Subject: Fwd: THE NEW TEXAS ELECTRIC MARKET



>Delivered-To: LBCUNNINGHAM@MAIL.UTEXAS.EDU
>Date: Tuesday, 10 Apr 2001 23:30:14 CST
>To: LBCUNNINGHAM@MAIL.UTEXAS.EDU
>From: Engineering Foundation <envip@utxdp.dp.utexas.edu>
>Subject: THE NEW TEXAS ELECTRIC MARKET
>
>Dear Mr. Cunningham,
>
>
>""The New Texas Electric Market and How It
>Compares to the California Market""
>
>May 2, 2001 - 1:00 to 5:00 p.m.
>
>Seminar presented by the College of Engineering,
>The University of Texas at Austin.
>
>Electric Reliability Council of Texas (ERCOT)
>plans to open a pilot retail market in most areas
>of the Texas region on June 1, 2001.  This
>presentation will address aspects of the ERCOT
>market and how Texas will avoid experiencing the
>same problems as California.  UT Austin's Center
>for Lifelong Engineering is introducing a 1/2 day
>seminar to provide an overview of how this market
>will be structured.
>
>Presenters will include officials from Harvard,
>University of California Energy Institute, ERCOT,
>and The Public Utility Commission of Texas.
>
>For more information or to register, please visit
>our website at www.lifelong.engr.utexas.edu, or
>contact Sharon Campos at 512-471-3506, or
>scampos@mail.utexas.edu.
>
>(This announcement was sent as a courtesy
>from UT-Austin College of Engineering to
>UT Engineering alumni.  It was e-mailed
>from the College's general e-mail address,
>which is flagged as 'Engineering
>Foundation.'  If you wish to discontinue
>further email messages from the College of
>Engineering, please reply to this message
>with your full name, degree information
>and ""Unsubscribe.""  Thank you!)

"
4,RE:,amy.hood@us.brann.com,clint.dean@enron.com,"Tue, 25 Sep 2001 11:34:04 -0700 (PDT)"," CDEAN (Non-Privileged).pst

Clint-

Actually, Melissa isn't working anymore, at an office that is, she's working
from home.  Her email is mma_ike@yahoo.com.

So, what's been going on with you?  Is everything okay?  I haven't heard
from you in a long time and I'm sorry I haven't done a better job of keeping
in touch.  This whole baby thing is really keeping us busy!  We found out a
couple of weeks ago that it's a girl!  So, we're excited about that!  I need
your opinion on picking her name.  We've narrowed it down to two choices.
Let me know which one you like better-

Jenna Elizabeth Hood  	 Jenna Hood

Caitlin Elizabeth Hood	 Caitlin Hood

Your input would help us.  We've asked a lot of people and everyone seems to
generally like both so I'm curious to hear what you think.

Things have been crazy around here...Melissa is expecting a little girl in
about 6 weeks.  Marisa is busy with her little boy, Wade.  And, Michelle is
separated from her husband & considering divorce only after 4 mo. of
marriage.  So, we've all been dealing with a lot of personal stuff.

Anyways, I hope you can come visit soon.  We'd love to go out to dinner
again.  Hope all is well with your job and your love life.  Any new Jen's?
HA!

Well, take care and write back soon.

Love, Amy



-----Original Message-----
From: Dean, Clint [mailto:Clint.Dean@enron.com]
Sent: Tuesday, September 25, 2001 11:29 AM
To: Amy Hood (E-mail)
Subject:


Hey, do you have a work email address for Melissa?

"
5,True Orange Fax/E-Mail #96,dgagliardi@reliantenergy.com,clint.dean@enron.com,"Thu, 12 Oct 2000 08:52:00 -0700 (PDT)"," cdean.nsf

---------------------- Forwarded by David M Gagliardi/TTG/HouInd on
10/12/2000 03:51 PM ---------------------------


mggagliardi@duke-energy.com on 10/12/2000 03:21:59 PM

To:   DGagliardi@reliantenergy.com, David_Ricks@GSDM.com,
Tony.A.Rogers@fritolay.com
cc:

Subject:  True Orange Fax/E-Mail #96


Here is another guy to add to our shitty team

---------------------- Forwarded by Michael
Gagliardi/Hou-ComOps/EnergyTrading/PEC on 10/12/2000 03:29 PM
---------------------------


TruOrange@aol.com on 10/12/2000 02:56:36 PM

To:   TruOrange@aol.com
cc:
Subject:  True Orange Fax/E-Mail #96


True Orange Fax/E-Mail Service
Volume 8, Fax/E-Mail #96, Thursday, October 12, 2000
Jerry Scarbrough's True Orange, P. O. Box 26530, Austin, Texas 78755 -
Phone
512-795-8536

Nordgren, State's Top QB, Picks Texas over LSU

Dallas Bishop Lynch QB Matt Nordgren, 6-5, 222, 4.6, is the Longhorns' 18th
commitment, and he said he came aboard this week to show his support for
the
UT coaches and to express his confidence in their ability.
Nordgren, the state's top quarterback prospect and one of the top 10
passers
in the country, chose Texas over LSU, Tennessee and Colorado. He also was
recruited by most of the top programs, but had narrowed his choices to
those
four schools. He told me had had 21 scholarship offers.
""It was really a close call between Texas and LSU,"" he said, ""but I decided
I
wanted to play for the Longhorns.""
He called me late Wednesday night to give me the news, but asked me to hold
it until around noon today.
He and Bishop Lynch coach Gary Oliver are going to announce Nordgren's
decision to sign with Texas at a pep rally at Bishop Lynch at 7 p.m. today.
Bishop Lynch is 6-0 and plays defending state TAPPs champion Houston Stake
Jesuit, also 6-0, this Friday.
""I just wnated to get it out of the way before our game and I wanted to let
the Texas coaches know,"" he said.
Oliver, who is a former wide receiver at Texas A&M, said Nordgren checked
out
a lot of schools before making his decision. ""He is an outstanding
quarterback and an outstanding young man,"" Oliver said.
Nordgren is a 4.0 student who also is a 6-6 high-jumper and 39.5
intermediate
hurdler in track. He also starts for the basketball team.
""It came down to a great list of schools,"" Nordgren said, ""but I felt at
home
at the UT campus. It's a football program that I know I can help lead to a
national championship.""
* * * *
Redshirt freshman Dakarai Pearson will start at  safety Saturday, and Lee
Jackson will back up Pearson and fellow safety Greg Brown.
Defensive coordinator Carl Reese said freshman cornerback Nathan Vasher
will
be his nickel back Saturday.
DT Shaun Rogers practiced Wednesday and coach Mack Brown and Reese said
they
hope his sore ankle will allow him to play 15 to 20 plays Saturday.
Redshirt
freshman Marcus Tubbs will continue to start at right DT.
Brown also said sophomore LB O. J. McClintock under arthroscopic surger on
his right knee Tuesday and ""he'll be out two to four weeks. It went well,
and
they think he'll have a quick rehab.""
Brown also said true freshman Adam Doiron, who has not played this year,
probably  will play at DT at Colorado. Doiron, a high school DE, has been
working at DT, recently, and Brown said he is making good progress.
""With Shaun Rogers and Stevie Lee both out, we're a little thin at
defensive
tackle,"" Brown said. ""We'll probably take the redshirt year away and play
Doiron Saturday.
He also said another true freshman who hasn't seen action, LB Austin
Sendlein, might have to play Saturday if any more linebackers are injured.
Brown said the team realizes it has a lot of work to do to get ready for
Colorado.
* * * *
My next fax will be whenever events warrant.
* * * *
The True Orange Fax Service includes  at  least  99 faxes  a year and costs
$99 ($79 by E-Mail). The True Orange Newsletter includes  26 newsletters
and
is published weekly during football season and twice monthly during most of
the other months. It costs $45. Save by subscribing to both for $130 (or
$110
if you take the faxes via E-Mail  or $99 if you take the faxes and
newsletter
via E-Mail). Send check  to address at the top of page. I also  update my
900 number ? 1-900-288-8839 ? frequently with recruiting news. My E-Mail
address is: truorange@aol.com





"
6,"Fw: True Orange, June 12, 2000, Part 1",jdickinson@mail.utexas.edu,clint.dean@enron.com,"Mon, 12 Jun 2000 12:35:00 -0700 (PDT)"," cdean.nsf

I'm still getting these.  Are you getting them also?

Love you,
Jenn
-----Original Message-----
From: TruOrange@aol.com <TruOrange@aol.com>
To: TruOrange@aol.com <TruOrange@aol.com>
Date: Monday, June 12, 2000 10:55 AM
Subject: True Orange, June 12, 2000, Part 1


Jerry Scarbrough's True Orange
The newsletter and fax/e-mail service for the True Texas Longhorn Faithful

Volume 10, No. 18, June 12, 2000

Two of State's Top Offensive Line Prospects Commit to Longhorns at Summer
Camp

Coach Mack Brown has revolutionized recruiting in Texas, making June just a=
s
big  as January, and he got the ball rolling again last week with pledges
from the state's best offensive lineman, Jonathan Scott, 6-7, 295, 4.9, of
Dallas Carter, and another top o-line prospect in Will Allen, 6-5, 280, 5.2=
,
of Houston Cypress Falls.
Scott is on all the  national top 100 lists and turned down offers from 17
other schools such as Florida State, Michigan and Tennessee  to pick the
Longhorns.
Scott's father, Ray, a former tight end with the New York Jets, said
Jonathan
""was very impressed with coach Brown and all the coaches and he told me he
felt like the players were just one big family.""
Scott also said his son ""wants to get a degree from Texas because he wants
to
live in Texas after he graduates.""
Scott committed last Wednesday at the conclusion of UT's first full 3 1/2
day
summer camp. It was the third straight summer he came to a Texas camp. ""I
just like everything about Texas,"" Scott said, adding that the coaches told
him they want to work him at the key left tackle spot.
Allen, who already had scholarship offers from Arkansas, Duke, Tulsa and
South Carolina, also committed at the camp Wednesday, but didn't make it
public until Thursday.
He has been a starter since his sophomore year.
Allen said he came to the camp hoping to get a scholarship offer and was
eager to accept it when it was offered.
""I knew this was where I wanted to go if the opportunity presented itself,""
he said. ""I like all the coaches and players at Texas, and the facilities
are
great. I feel like I can get a great education at Texas and just feel reall=
y
comfortable with my decision to commit early.""
Allen had taken unofficial visits to Texas, Texas A&M, Notre Dame, LSU and
Baylor prior to coming to the Texas camp, and he said, ""Texas has great
facilities, it's one of the top academic schools and it has an outstanding
football program with great coaches and kids. I just felt like it fit in
better here than anywhere else.""
Both Scott and Allen are honor students who already are full qualifiers.
Another UT camp is underway right now, and there is good chance the
Longhorns
will get some more early commitments within the next several days.
Shane Simms of Tomball, another of the state's top offensive line prospects=
,
is attending this week's camp, and he wants to come to Texas, so he is
likely
to commit if he gets an offer.
The Longhorns have zeroed in on two nationally recruited quarterbacks =01) =
Matt
Nordgren of Dallas Bishop Lynch and Bret Rawls of Shreveport Evangel =01) a=
nd
offered scholarships to each of them when they attended UT camps last week.
Both are 6-5, and both are strong-armed passers with good mobility. Rawls
weighs about 200 pounds and Nordgren weighs 225.
The Longhorns will sign at least one quarterback, and it is hard to get two
top ones in the same class, so they probably are ready to take a commit fro=
m
either Nordgren or Rawls and call it quits on quarterback recruiting this
year.
Nordgren, who had been looking primarily at Stanford and other out-of-state
schools, said he is still wide open, but he said Texas and Texas A&M have
moved to the top of his list right now.
Asked if there is a leader, he said, ""I'm still pretty open, but I like the
two big Texas schools. They both have outstanding coaching staffs.""
He said the Longhorn coaches ""told me I was the No. 1 quarterback for them
in
the state. I had an hour meeting with the coaches when I got there, and the=
n
I had another meeting with coach Brown after the camp was over.""
The Longhorns also appear to be homing in on an in-state running back, and
he
is Anthony Johnson, a 5-11, 196-pounder with 4.4 speed from Jefferson.
Johnson told me he was coming to Austin last Saturday to talk to the UT
coaches. He said they had invited him to come for an unofficial visit.
On tape, the thing that is most impressive about him is his speed at the
point of attack. He gets through a hole as quickly as anyone I have seen
this
year. He has a great combination of speed and power and he should be a
210-pounder after a year on a good college weight program.
The Longhorns probably will sign about 20 recruits, and 10 or 11 of them
will
be linemen if the coaches can get the ones they want.
Texas loaded up on speedy skill players in the last class, but this class
will be a true class of beef, with six or seven offensive linemn and four o=
r
five defensive linemen if things break right.
If linemen do get 10 or 11 of the scholarships, look for the Horns to take
one quarterback, one or two running backs, one tight end, one or two wide
receivers, one or two linebackers and two or three defensive backs.
We've already looked at the quarterback situation and the in-state running
back picture. There are several out-of-state blue-chip running backs who ar=
e
interested in Texas, but they are long shots.
One of the running backs might be a fullback if the Horns can sign a great
one like 6-2, 240-pound James Buchanan of Sarasota, Fla. He says he might
visit Texas, but FSU is the leader right now, so he is a long shot for the
Longhorns.
The tight end Texas is after is James Moses, 6-3, 225, 4.7, of Galena Park
North Shore. He is the best one in Texas and one of the best in the nation.
He told me he might come to a Texas camp, and he said he likes the Longhorn=
s
and the way they use their tight end.
The Longhorns are recruiting at least six wide receivers to try to fill two
spots. They are Armon Dorrough of Lancaster, Brandon Jones of Liberty-Eylau=
,
Bennie Brazell of Houston Westbury, Thomson Omboga of Grand Prairie, Keith
Mills of Garland and Lynzell Jackson of Union HS in Tempe, Arizona.
All of them are speedsters and all of them have some interest in Texas. The
Longhorns loaded up on wide receivers last year, but they have two senior
wide receivers and would like to sign two recruits to replace them.
Derrick Johnson of Waco is the linebacker of choice for Texas and everyone
else. He is a great prospect with size and speed. He came to the Texas
mini-camp last week, and he says the Longhorns are slightly ahead of Florid=
a
State and Texas A&M.
Jonathon Jackson of Galena Park North Shore is another linebacker who is
rising on the charts. He is supposed to come to one of the Texas camps, and
he likes Texas and Penn State.
If the Longhorns can get Johnson and Jackson, they will have hit it big at
linebacker.
In the defensive backfield, safety Dewayne Brandon of Temple is the main
man.
He's 6-3, weighs 198 and he ran a 4.46 40 at the Austin Nike camp.
He likes Texas, but Nebraska and Florida State are in the hunt, too, along
with Texas A&M.
Texas wants to sign two cornerbacks, and there are some very good ones who
are interested, including Moses Harris of Dallas Carter, Cedric Griffin of
San Antonio Holmes, Dee Durham of Mansfield and Roger Ross of Denver
Jefferson.
That brings us back to the lines. There are more really top-notch offensive
linemen in Texas than I have seen since in the 10 years I have been doing
this, and, luckily for the Longhorns, that is their area of greatest need.
Texas has had depth problems in the offensive linemen ever since Brown and
his staff arrived. This is the year they should be able to sign as many top
prospects as they need.
With Scott and Allen already committed, there are four or five spots still
open.
One of those will be filled by Alfio Randall, if he graduates from Blinn JC
and becomes academically eligible. He signed with Texas out of Houston
Yates,
but failed to qualify and went to Blinn. He is on track to graduate in
December and he says he will enroll in Texas in January.
Another possibility is Greg Barnum, a former Killeen Ellison star who was
being boomed for All-America honors as a sophomore center at Tennessee
before
he abruptly quit the team last month, citing homesickness.
But Phil Fulmer, the Tennessee coach, won't grant Barnum a release to atten=
d
a Division I school. That means he will have to pay his own way during the
year he is sitting out at his new school =01) if he picks another Division =
I
school.
If he picks Stephen F. Austin, where his former coach at Killeen Ellison no=
w
coaches, he can go on scholarship immediately.
I talked to Barnum Sunday night and he said he was going to drive to Austin
Monday ""to just look around at UT. I know the coaches can't talk to me
(because he doesn't have a release), but I just want to come over there and
look around.""
He said he has already visited Stephen F. Austin and probably will make up
his mind later this month about the course he will take.
""I'd like to go a big state school, but I'd also like to have a scholarship
right away,"" Barnum said. ""I can't get a release from Tennessee, so I'll
have
to decide what I want to do.""
He said he will try to get some student loans and grants if he enrolls at U=
T
as a non-scholarship student for the first year.
Under NCAA rules, he will have to sit out a transfer year at his new school=
,
then will have three years of eligibility remaining.
Other offensive line prospects Texas is recruiting include Simms, Abe
Robinson of Houston Jersey Village and Roman Reeves of Livingston (who all
came to UT camps this summer), plus Jami Hightower of Jacksonville, Ben
Wilkerson of Hemphill and William Winston of Houston Madison.
Hightower, Wilkerson and Robinson join Scott on many of the national top 10=
0
lists.
Texas has a good shot at all of the offensive linemen I mentioned except
Wilkerson, and the Horns are on his radar screen now after being absent
throughout the year.
The supply of offensive linemen is so plentiful that I think the UT coaches
can sign five, six or seven very good ones, depending on how many they thin=
k
they need.
The picture isn't as rosy on the defensive side of the ball. DT Tommie
Harris
of Killeen Ellison is a great prospect, and DT Thomas Derricks of Dallas
Jesuit is very good. Harris is strongly considering Texas, but Derricks has
no interest in the Longhorns at this point.
They are the only sure-fire top tackles I have found in the state at this
point.
There are some big ends who might grow into tackles. For example, Simeon
Jones of Houston Jones is 6-3 and 240, but he has just turned 16, too. He's
a
year younger than most of the guys being recruited, so he might get a lot
bigger.
There also are some out-of-state tackles who have a little interest in
Texas,
including Marcus Spears, 6-5, 275, 4.8, of Baton Rouge Southern Lab, and
Marquise Hill, 6-7, 280, 4.9, of New Orleans DeLaSalle.
Some other tackles who could emerge as seniors include Sharod McGowan of
Waco
and Jeremy Calahan of Pflugerville. They both looked great at times as
juniors and could become top prospects with more consistent performances as
seniors.
The picture is brighter at end. Kevin Everett of Port Arthur Jefferson,
Jones, McKenzie Tilmon of Irving MacArthur, Jamie Jackson of Andrews and
Colin Allred of Dallas Hillcrest are very good in-state prospects, and the
Horns are in on two out-of-state DEs who were born in Texas  =01) Eric Hall=
,
6-3, 232, 4.5, of Clarksville, Tenn., and Kaelen Jakes, 6-4, 240, 4.75, of
Valencia, Cal.

It's a Great Time to Subscribe
To The Fax/E-Mail Service
Get Instant Year-Round Fax/E-Mail
Updates. I Did Three Last Week
With Hot Recruiting News !
Save As An E-Mail Subscriber !
The True Orange Fax/E-Mail Service is the way to keep up with Longhorn
football and Longhorn recruiting =01) instantly. Follow Mack Brown and the
Longhorns with frequent fax updates. There are at least 99 timely faxes a
year, primarily about football and football recruiting.  To  subscribe, sen=
d
your check to True Orange, Box 26530, Austin, Texas 78755, and copy or clip
the coupon below and fill in the blanks. If you want it mailed, or by
E-Mail,
just include the right numbers.

o I'm enclosing $99 for the 99-fax package for the next year
o I'm enclosing $130 (a $14 saving) to renew my subscription to True Orange
and to subscribe to the 99 faxes.
o I'm enclosing $79 for the 99-fax package for the next year by E-Mail (a
$20
saving)
o Here's  $110 to renew my subscription to True Orange and to subscribe to
the 99 faxes by E-Mail (a $31 saving)
o Here's  $99 to subscribe to True Orange by E-Mail and to subscribe to the
99 faxes by E-Mail (a $42 saving)

Name

Fax No.
(or E-Mail or mailing address)


900 Number Updated Often

I update my 900 number every Wednesday and Sunday by 8 p.m. with recruiting
and other football news.  The number is 1-900-288-8839. It costs $1.59 a
minute. You must be 18 to call.

Longhorns Fifth in NCAA Golf

The young Longhorn men's golf team finished in fifth place at the NCAA
Championships in Opelika, Ala.
Texas started the final round in second place just three shots off the lead=
,
the Longhorns finished with a four-day total of 1125 (-27).
Oklahoma State captured the national team title after defeating Georgia Tec=
h
on the first hole of a playoff. Both OSU and Georgia Tech posted four-round
scores of 1116 (-36), breaking the NCAA Championship record for team score.
Arizona recorded a final-round 274 (-14) to place third at 1118, while
Houston registered a final-round 272 (-16) to finish in fourth place at
1122.
After scoring just one over-par round in the first three days of the
tournament, Texas was forced to count three over-par scores on the final
day.
Sophomore David Gossett posted a four-over-par 76 in the final round to sli=
p
into a tie for third place in the individual standings. Gossett posted a
four-day total of 275 (-13).
Freshman J.J. Wall tied for 20th at 283 (-5). Sophomore John Klauk  tied fo=
r
34th at 286 (-2). Sophomore Matt Brost tied for 53rd at 291 (+3). Sophomore
Russell Surber  finished in a tie for 68th at 295 (+7).
""I'm really proud of our effort as a team,"" said third-year head coach John
Fields. ""Although we did not play at the same level which we did during the
first three days, placing fifth in the nation with four sophomores and one
freshman is a great achievement for our program.""
The fifth-place showing marked the best performance by Texas since the Horn=
s
placed third in 1995. It also marked the best performance by a
Fields-coached
squad, as his New Mexico team tied for sixth in 1996.

Women 3rd in NCAA Golf

The Texas women's golf team finished third at the NCAA Championships in
Sunriver, Oregon.
The Longhorns, who finished ninth in last year's NCAA Championships,
finished
two strokes behind second place Stanford (301-298-297-300=3D1196, +44) and =
23
shots behind first place Arizona (299-285-281-310=3D1175, +23).
The third-place showing is Texas' best finish at the NCAAs since Kelli
Kuehne
led UT to a third-place mark in 1996. It is UT's 11th overall and third
straight top-10 finish at the NCAA Championships, dating back to 1982.
""I'm so proud of this team,"" said Texas head coach Susan Watkins.
""We put forth a lot of effort today and everyone on the team made an impact
over the last four days,"" Watkins said. ""I can't ask for anything more from
this team.""
""We accomplished our goal that we set at the beginning of the season, which
was to finish in the top five at the NCAA Championships.""
""Our hard work paid off in the end and I'm pleased that I was able to coach
this group of players all year long,"" Watkins said. ""Everyone did a
wonderful
job.""
Sophomore Kristin Dufour was Texas' top finisher at the NCAAs, posting a
72-hole score of 13-over par 301 (74-77-73-77) to tie for 25th place
overall.
Freshman Jessica Reese finished with a 14-over par 302 (75-78-75-74) to tie
for 29th place, while sophomore Randi Meadows tied for 34th at 15-over par
(74-76-71-82=3D303).
""Our hard work paid off in the end and I'm pleased that I was able to coach
this group of players all year long,"" Watkins said. ""Everyone did a
wonderful
job.""
Sophomore Kristin Dufour was Texas' top finisher at the NCAAs, posting a
72-hole score of 13-over par 301 (74-77-73-77) to tie for 25th place
overall.
Freshman Jessica Reese finished with a 14-over par 302 (75-78-75-74) to tie
for 29th place, while sophomore Randi Meadows tied for 34th at 15-over par
(74-76-71-82=3D303).
Juniors Suzanne Sowers  and Laura Blessey rounded out Texas' play with
scores
of 16-over par 304 (73-83-72-76) and 21-over par 309 (78-77-78-76) to tie
for
41st and 68th place.
Arizona's Jenna Daniels won the individual crown with a one-under par 287.

High School Subs at 157

True Orange is going to 157 schools, thanks to George Hooper of Austin, who
renewed the subscription for his alma mater, Sweeny.
I offer a school gift subscription for $35 for 24 issues (omitting the June
and July issues when schools are closed for the summer).
If you want to subscribe for a school, fill out the coupon below and send
$35
instead of $45 for each school you want to sponsor.
If you don't have a school in mind, I'll be happy to pick one for you. Ther=
e
are several schools in all areas of Texas where the libraries need a
Longhorn
newsletter.

A Perfect Gift for the Longhorn
Fan Who Has Everything Else
A subscription to True Orange is the perfect gift for any occasion for a
Longhorn who has everything else. It's only $45  ($35 by e-mail) and I'll
send  an attractive card announcing your thoughtful gift.
The only thing better is  a gift of  True Orange and the True Orange Fax  =
=01)
and you can give both for just $130 a year ($99 if they can take both by
e-mail).

o  I am enclosing $45 for a gift subscription ($35 e-mail)
o  I am enclosing $130 for a gift subscription to the newsletter and the fa=
x
($99 e-mail)

Name of Recipient

Address (& fax no., if applicable)

City, State, Zip

Your Name

Any Message You Want on Card


Football Notes . .

Leonard Davis, UT's outstanding offensive tackle, suffered an ankle injury
last week. It is believed to be a sprain.
Further tests will be conducted this week. If it is a sprain, he should be
able to recover in time for the start of football practice in early July. I=
f
the injury turns out to be more severe, it could cause him to miss some of
the pre-season practices.
* * * *
The off-season conditioning workouts are going great and some of the
offensive linemen appear to be dropping some pounds.
Junior Mike Williams and senior Cory Quye, the two veterans who will battle
for the right tackle slot, both look more fit than I have ever seen them.
Williams still needs to drop a few more pounds so he can have the quickness
to pick up speedy outside pass rushers, but he is making progress. Quye
looks
like he is ready to start the season right now.
* * * *
Most of the key incoming freshmen are in Austin for the summer.
QB Chance Mock arrived last weekend and he looks like he has been following
strength and conditioning mentor Mad Dog Madden's recommendations.
He appears to be about 6-2 210 or 215 pounds. He looks like he could play
linebacker. That's what happened to his dad, Mike, a great QB prospect from
Longview more than 25 years ago.
Mike signed with Texas Tech and was moved to linebacker, where he starred a=
t
Tech and earned some playing time in the NFL
But that won't happen with Chance Mock. He is a Michael Vick-type
quarterback, with a great arm, quick feet and a sturdy body.
And even if he could play linebacker, the Longhorns don't have enough bodie=
s
at quarterback to even give that a thought.
* * * *
DT Marcel Moses of Texas City has failed to qualify academically and will g=
o
to Kilgore JC. DT Sonny Davis of Austin Lanier and RB Sneezy Beltran of
Abilene are the only other recruits who have not qualified and they are ver=
y
close to making it.

UT Basketball Trio Europe-Bound

Three Longhorn basketball players will be traveling to Europe later this
summer.
Rob Lanier, a Longhorn assistant coach, is taking a collegiate all-star tea=
m
to Greece next week to play some international teams.
Guard Maurice Evans, who sat out last season after transferring from Wichit=
a
State, and guard-forward Chris Ogden will be on the team.
Forward Chris Owens is one of 12 Big 12 players who will be traveling to
Europe in August to play several international all-star teams. Colorado
coach
Ricardo Patton will lead that group.everal schools in all areas of Texas
where the libraries need a Longhorn newsletter."
7,RE: TECO Trading Conf. Call - 3:30 Monday,stephanie.gardner@enron.com,clint.dean@enron.com,"Mon, 9 Apr 2001 11:53:00 -0700 (PDT)"," darren farmer 6-26-02.pst

The conference room has changed to EB 3127.

 -----Original Message-----
From: 	Curry, Mike  
Sent:	Friday, April  6, 2001 5:34 PM
To:	Gilbert-Smith, Doug; Dean, Clint; Day, Smith; Wagner, Joseph; Wallis, Janet; Farmer, Daren; Zisman, Stuart
Cc:	Gardner, Stephanie
Subject:	TECO Trading Conf. Call - 3:30 Monday

Please attend a short trading meeting on the TECO Deal at 3:30pm on Monday 4/9 (Stephanie - please get us EB3143c starting at 3:30pm, I already have it at 4pm) to discuss the trading aspects of the TECO Frontera Deal.  At 4:00pm we will have a conference call with TECO to coordinate anything for scheduling Tues 4/10 for Wed 4/11.  I apologize for the short notice.

Any questions please ask, we all need to read and understand the contract thoroughly in order to meet our obligations for TECO.
.

Thanks, - Mike

 << File: Frontera EMSA (Zisman-3-30 Final).doc >> "
8,FW: True Orange E-Mail/Fas #65,dgagliardi@reliant.com,clint.dean@enron.com,"Fri, 13 Jul 2001 06:24:58 -0700 (PDT)"," CDEAN (Non-Privileged).pst


----- Forwarded by David M Gagliardi/TTG/HouInd on 07/13/01 08:23 AM -----

                    ""Gagliardi,
                    Michael""             To:     ""'dgagliardi@reliantenergy.com'"" <dgagliardi@reliantenergy.com>,
                    <mgagliardi@u        ""'tony.a.rogers@fritolay.com'"" <tony.a.rogers@fritolay.com>,
                    nocal.com>           ""'david.ricks@spotplus.com'"" <david.ricks@spotplus.com>
                                         cc:
                    07/13/01             Subject:     FW: True Orange E-Mail/Fas #65
                    07:05 AM








> -----Original Message-----
> From:         TruOrange@aol.com [SMTP:TruOrange@aol.com]
> Sent:         Thursday, July 12, 2001 7:42 PM
> To:           TruOrange@aol.com
> Subject:           True Orange E-Mail/Fas #65
>
> True Orange E-Mail/Fax Service
> Volume 9, E-Mail/Fax #65, Thursday, July 12, 2001
> Jerry Scarbrough's True Orange, P. O. Box 26530, Austin, Texas 78755 -
> Phone
> 512-795-8536
>
> European Shooting Guard Commits to UT; Horns Set Tulane FB Games
>
>  Sydmill Harris, a 6-5 shooting guard for The Netherlands National Team,
> has
> committed to Texas and will be eligible this season for coach Rick
Barnes.
> Barnes and all of his assistant coaches are on the road recruiting and
are
>
> not available for comment, but Harris' decision was announced in The
> Netherlands. Unfortunately, it was announced in German, not English. I
> don't
> speak German and I can't read it either, but I could make out enough
> references to Harris, the University of Texas and Rick Barnes to figure
it
>
> out.
> Harris visited Texas in June.
> Thanks to new subscriber Kevin Ferrell of Connecticut for finding that
> story
> for me at an Amsterdam newspaper's internet site.
> I don't have any statistics for Harris, but he is supposed to be a very
> good
> shooter with excellent range. Barnes needs a scorer after Maurice Evans'
> decision to hire an agent and turn pro. Evans was ignored in the NBA
draft
>
> and is pro chances are limited now, but he forfeited his final year of
> collegiate eligibility when he hired an agent.
> * * * *
> Texas and Tulane officials are putting the final touches on a
> home-and-home
> series in football that will have Texas visiting New Orleans on Sept. 28,

> 2002, and Tulane coming to Austin for a Sept. 27, 2003 game. A visit to
> New
> Orleans is a very nice road trip for Longhorn fans.
> * * * *
> All of the Longhorn football players who missed some or all of spring
> practice except TE Artie Ellis are running and jumping and doing all of
> the
> things that seem to indicate they are fully recovered. As I noted in an
> earlier e-mail/fax, Ellis is still having problems with his shin bone. DT

> Stevie Lee, who had a larger pin placed in his foot after the first pin
> failed to hold, is looking fine in the running drills.
> * * * *
> CEDRIC BENSON UPDATE:Super RB recruit Cedric Benson of Midland Lee is
back
> in
> Austin this week working out with the other UT players. He appears to be
> in
> excellent shape. He was in Austin earlier this summer, but returned to
> Midland when he was negotiating a pro baseball contract. He has signed a
> pro
> contract similar to the one Ricky Williams signed, which allows him to
> concentrate on football during football season and football training
> periods.
> * * * *
> RECRUITING ROUNDUP: Without naming anyone, let me try to cool a lot of
> internet speculation by stating that no out-of-state running back has a
> scholarship offer from Texas as this point. While I'm talking about the
> internet, don't believe what you hear from a lot of kids about all the
> offers
> they have. College coaches are very good at making a kid feel wanted
while
>
> they are still trying to figure out whether to offer a scholarship. Lots
> of
> kids take what the coaches are saying to mean they have an offer. A good
> rule
> of thumb if you have a kid who is or will be recruited in later years is
> to
> remember that a scholarship isn't offered until the coach says it is
> offered.
> . . It looks like the two WRs the Horns have really zeroed in on are
> Marquis
> Johnson of Champaign, Illinois, and Robert Timmons of Flower Mound
Marcus.
>
> Both are tall, going aboutg 6-2 or 6-3, and both are in the 190-200-pound

> range. Johnson is on most of the national top 100s lists and Timmons, the
> top
> WR in Texas, is on several of them. . . The Longhorns still have 11
> commitments. They are LB Brian Robison, 6-3, 245, 4.6, of Splendora;  OL
> Neale Tweedie, 6-5, 260, 4.9, of Allen; LB Marcus Myers, 6-3, 220, 4.5,
of
>
> Pflugerville Connally; TE-LB David Thomas, 6-3, 210, 4.6, of Wolfforth
> Frenship;  WR Dustin Miksch, 6-0, 165, 4.4, of Round Rock Westwood;  QB
> Billy
> Don Malone, 6-2 1/2, 185, 4.7, of  Paris North Lamar;  RB/Athlete Clint
> Haney, 5-11, 190, 4.27 of Smithson Valley; OL Brett Valdez, 6-4, 310,
5.1,
> of
>  Brownwood, and DTs Sonny Davis, 6-1, 320, 5.0, of Gulf Coast JC in
> Mississippi, Earl Anderson, 6-4, 270, 4.8, of San Marcos and Lyle
> Sendlein,
> 6-4,  260, 4.8, of Scottsdale Chaparral, the two-time defending Class 4A
> champion in Arizona.
> * * * *
> My next e-mail/fax will be whenever events warrant.
> * * * *
> The True Orange E-Mail/Fax Service includes  at  least  99 fax/e-mails  a

> year and costs $99 ($79 by E-Mail). The True Orange Newsletter includes
> 26
> newsletters and is published weekly during football season and twice
> monthly
> during most of the other months. It costs $45. Save by subscribing to
both
>
> for $130 (or $110 if you take the faxes via E-Mail  or $99 if you take
the
>
> faxes and newsletter  via E-Mail). Send check  to address at the top of
> page.
> I also  update my 900 number - 1-900-288-8839 - frequently with
recruiting
>
> news. My E-Mail address is: truorange@aol.com.

"
9,FW: ERCOT Update,doug.gilbert-smith@enron.com,clint.dean@enron.com,"Mon, 22 Oct 2001 11:51:26 -0700 (PDT)"," CDEAN (Non-Privileged).pst



 -----Original Message-----
From: =09Twiggs, Thane =20
Sent:=09Wednesday, October 17, 2001 12:13 PM
To:=09Gilbert-smith, Doug; Jester, Larry; Curry, Mike; Wagner, Joseph; Port=
z, David; Ochsner, Preston; Forney, John M.; Day, Smith L.; Herndon, Rogers=
; Benke, Terrell
Cc:=09Nicolay, Christi L.; Ryall, Jean; Steffes, James D.
Subject:=09ERCOT Update


The ERCOT Board approved the congestion zones for next year, 2001. The ERCO=
T Board accepted the 3 CSC 4 CM Zone model for use in commercial congestion=
 management for 2002.  Effective date is January 1, 2002.  The three CSC's =
are Graham-Parker 345 kV DCKT, Sandow-Temple 345 kV DCKT and STP-DOW 345 kV=
 DCKT.  The four CM Zones are West02, North02, South02 and Houston02.  A po=
wer point presentation along with a map is available at ftp://ftp.ercot.com=
/CSCDATA/csc.htm. =20

Current Congestion Cost and Outlook.  The congestion charges that have been=
 incurred are 55.6 million or 137 million depending on the methodology used=
 to calculate the charge. If you look purely at the scheduled MWs then it i=
s 137 MM based upon the ERCOT protocols. The actual cost to redispatch and =
clear congestion as of Sept. 22, 2001 was 55.6 MM. Both obviously are very =
high considering it is for one month of operation.=20
When the 20 MM trigger was hit August 14, 2001, ERCOT has 6 month by Protoc=
ol and reaffirmed in the commission order to implement the full zonal model=
. This means that there will no longer be an uplift of interzonal congestio=
n, rather a direct assignment of the charge. The charge may be partially of=
fset by the TCR that will be auctioned. The PUCT has indicated an interest =
to move to direct assignment prior to the development and implementation of=
 a TCR instrument as a hedge.  I am chairing the congestion management work=
ing group that is deciding the TCR issue and will be dealing with the local=
 congestion issues when that trigger has been hit.  I will attach a copy of=
 the current draft of the TCR white paper.  In short, the TCR is a financia=
l option that can be purchased as hedge against zonal congestion.  There is=
 no physical requirement for the TCR in that you do not have to physically =
schedule to receive the benefit of the TCR.  There will be an auction on or=
 about the 4th of February, 2002 and the full zonal implementation will tak=
e place February 15, 2002.  The tentative schedule is as follows:
?=0910/5/01 - Distribute draft TCR White Paper
?=0910/22/01 - Review and edit draft TCR White Paper
?=0910/30/01 - Distribute TCR White Paper to WMS
?=0911/1/01 - WMS Meeting; vote on PRR
?=0911/8/01 - TAC Meeting
?=0911/19/01 - Board Meeting
?=0912/4/01 - ERCOT issues notice of TCR Auction
?=092/15/02 - First effective date of TCRs and direct assignment of CSC Con=
gestion Costs
=20
Capacity Auction.  The capacity auction workshops have begun to rework that=
 capacity rule and problems experienced with the last round.  There was an =
initial discussion on the problems that were experienced with credit and ho=
w the standard was one-way and the buyers of capacity were left without rec=
ourse.  There was a subsequent conference call with the credit professional=
s to discuss the issues ( I did not participate) and there will be an addit=
ional meeting on the 19th.  The purpose of the short-term meeting are to re=
ctify issues such as credit and documents prior to the March and July 2002 =
auctions.  Substantive issues such as the actual products, zone determinati=
on and the auction process will be part of a rulemaking prior to the Septem=
ber 2002 auction which includes annual products.=20

Protocol Implementation.  ERCOT is in the process of determining what shoul=
d be included in the Phase II design which will begin January 2001.  There =
is a priority list that is currently under review by ERCOT vendors to deter=
mine lead times of Phase II items in an attempt to deliver Phase II items A=
SAP.  Parviz Adib from MOD stressed that there are certain issues that the =
PUCT expects to be addressed in Phase II.  Issues that do not require major=
 system changes might still be doable in Phase II if the PRR Process is sta=
rted immediately.  There is a placeholder in the Protocols related to BULs =
and loads acting as resources.

Mechanism for Simultaneous Procurement of Ancillary Services.   The PUCT ha=
s expressed concern that there could be price reversals associated with the=
 ancillary services market (if it is assumed that the various ancillary ser=
vices have different levels of value to the market).  The Board had approve=
d a contingency plan to allow price modifications in the early markets, how=
ever the plan has not been implemented.  The WMS discussed, at length, the =
issue of simultaneously clearing all three markets - non-spinning, regulati=
on, and responsive reserve.  A task force was formed to initially identify =
the principles for developing a mechanism for simultaneous procurement of a=
ncillary services issue.  It was suggested that a consultant be hired to de=
velop Protocol language once the principles are identified.  The first task=
 force meeting was cancelled and has not been rescheduled. =20

Demand-Side Task Force.  Jay Zarnikau reported on activities of the Demand-=
Side Task Force that is addressing Balancing Up Load (BUL) Market Issues an=
d other demand-side issues.  The PUCT expects the full functionality to be =
in place on January 1, 2002.  The DSTF met last on October 1st (third meeti=
ng).  The DSTF completed a draft status report on Demand-Side Resources and=
 Demand Responsiveness.  It was noted that the work of the DSTF is not comp=
lete and has not been approved by any ERCOT Committee or the Board.  Howeve=
r, ERCOT was required to file a report on these issues in the STF Report.  =
The report reviews the policy considerations that have prompted interest in=
 the demand side of ERCOT's market, reviews the PUCT's directive, reviews t=
he role of demand-side resources in ERCOT's markets, and identifies the iss=
ues and impediments that the DSTF is presently addressing.  It also summari=
zes the options discussed by the DSTF to date.  The PUCT staff has suggeste=
d that ERCOT hire a consultant, such as Eric Hirsch, to provide more resour=
ces for this effort.  The group expects to wrap up BUL issues and address d=
irect load control issues at its next meeting.

Unit Specific Deployments.  At the next WMS meeting October 24, 2001, there=
 will be a discussion regarding unit specific deployments and ERCOT will di=
scuss the issues and the difficult that participants are having to meet the=
 ramp rates of the deployments.  The WMS will develop a list of issues and =
case studies for ERCOT to discuss.  The WMS also briefly discussed PRR 282 =
related to defining OOME as an Instructed Deviation."
10,ERCOT Ancillary Services Methodology,thane.twiggs@enron.com,clint.dean@enron.com,"Tue, 10 Apr 2001 08:42:00 -0700 (PDT)"," esaibi.nsf

The attached file was large so I will provide the link to the ERCOT website.  
If  you cannot down load and would like a hard copy, let me know. 

http://www.ercot.com/currents.htm  -- It is under Ancillary Services 
Methodologies.

Thane Thomas Twiggs
Enron Corp
1400 Smith Street
Houston, Texas 77002

713-853-3199 Voice
713-408-4463 Mobile
713-646-8272 Fax
877-968-8967 Digital Pager or 8779688967@skytel.com
----- Forwarded by Thane Twiggs/ENRON_DEVELOPMENT on 04/10/2001 03:38 PM -----

	Thane Twiggs
	04/10/2001 03:04 PM
		 
		 To: Doug Gilbert-Smith/Corp/Enron@ENRON, Clint Dean/Corp/Enron@Enron, Smith 
L Day/HOU/ECT@ECT, Eric Saibi/Corp/Enron@ENRON, Mike Curry/Enron@EnronXGate, 
Martin Lin/Contractor/Enron Communications@Enron Communications, Ron 
McNamara/NA/Enron@Enron, Thane Twiggs/ENRON_DEVELOPMENT@ENRON_DEVELOPMENT, 
Jean Ryall/NA/Enron@ENRON, Michelle Parks/Enron@EnronXGate, Christi L 
Nicolay/HOU/ECT@ECT
		 cc: 
		 Subject: ERCOT Ancillary Services Methodology

Attached is the proposed ERCOT ISO methodology for determining A/S 
Purchases.  The methodologies will be presented to the ERCOT Board for 
approval April 17, 2001.




Thane Thomas Twiggs
Enron Corp
1400 Smith Street
Houston, Texas 77002

713-853-3199 Voice
713-408-4463 Mobile
713-646-8272 Fax
877-968-8967 Digital Pager or 8779688967@skytel.com"
11,FW: list of charges,terrell.benke@enron.com,clint.dean@enron.com,"Wed, 24 Oct 2001 07:56:26 -0700 (PDT)"," CDEAN (Non-Privileged).pst




 -----Original Message-----
From: 	Benke, Terrell  
Sent:	Wednesday, October 17, 2001 9:59 AM
To:	Curry, Mike
Cc:	Jester, Larry; Duffy, Matthew
Subject:	RE: list of charges

Here are the invoices for TXU, Reliant and CP&L.  When you use the files, refer to the READ ME worksheet first.  Choose the invoice that matches your customer's characteristics. 

   

These aren't necessarily the final rates or the final rules for implementing them.  The PUCT is expected to issue updated rates within the next couple of weeks.  Furthermore, there is the risk of legal challenges to the rates. 

It is not a straightforward exercise to calculate these rates on a $/MWh basis.  Ken Farrar in the tariff group created a T&D estimator model to do just this.  He intends to update it to include any changes to the rates and to reflect interruptibility tariffs.  I can show you how to use the file.

  

I have saved all of these documents in:  m:/Electric/ERCOT Orig/Ahn Folder/T&D/

Terrell

 -----Original Message-----
From: 	Curry, Mike  
Sent:	Friday, October 12, 2001 10:51 AM
To:	Benke, Terrell
Cc:	Jester, Larry; Duffy, Matthew
Subject:	list of charges

Terrell, Could you please get Larry, Matthew and I a summary of the charges listed on the sample invoice I gave you before for large industrials in TXU, Reliant, and CPL on a $/MWh basis.  When we talk to customers I would like a reference sheet that we can refer to to know things like T&D is approx. $x/MWh etc.

Thanks, - Mike"
12,contact list,l..day@enron.com,clint.dean@enron.com,"Wed, 3 Oct 2001 08:18:27 -0700 (PDT)"," CDEAN (Non-Privileged).pst


http://itpta.intellimark-it.com/contacts.asp?Method=TOC



Smith L. Day
Enron Power Marketing, Inc.
Ph. 713-853-4201
Fax: 713-646-8272
Pager: 877-306-9429"
13,True Orange Fax/E-Mail #93,dgagliardi@reliantenergy.com,clint.dean@enron.com,"Fri, 6 Oct 2000 01:05:00 -0700 (PDT)"," cdean.nsf

---------------------- Forwarded by David M Gagliardi/TTG/HouInd on
10/06/2000 08:05 AM ---------------------------


mggagliardi@duke-energy.com on 10/06/2000 07:31:42 AM

To:   DGagliardi@reliantenergy.com, David_Ricks@GSDM.com,
Tony.A.Rogers@fritolay.com
cc:

Subject:  True Orange Fax/E-Mail #93



---------------------- Forwarded by Michael
Gagliardi/Hou-ComOps/EnergyTrading/PEC on 10/06/2000 07:40 AM
---------------------------


TruOrange@aol.com on 10/05/2000 10:16:56 PM

To:   TruOrange@aol.com
cc:
Subject:  True Orange Fax/E-Mail #93


True Orange Fax/E-Mail Service
Volume 8, Fax/E-Mail #93, Thursday, October 5, 2000
Jerry Scarbrough's True Orange, P. O. Box 26530, Austin, Texas 78755 -
Phone
512-795-8536

Brown Says Horns Ready For Big Game; Nordgren Visits Practice

Coach Mack Brown said Thursday the Longhorns ""have worked really hard all
week"" and appear ready for the big game with Oklahoma in Dallas Saturday.
""It
has been a good week of practice,"" he said.
Brown also said DT Shaun Rogers (sprained ankle) is still questionable for
the game. He said Rogers will suit up and a decision will be made at game
time. ""If we can get 20 plays from Shaun, that would be really good,"" Brown
said.
LB O. J. McClintock, who missed the OSU game with a bruised knee, appears
to
be completely recovered. He is an outstanding pass defender and probably
will
see a lot of action against the Sooners.
Major Applewhite took most of the snaps with the first team this week and
appears likely to be the starter against Oklahoma. He looked very sharp
last
week against Oklahoma State. He underwent off-season knee surgery, and
Brown
said Applewhite looked ""like the old Major"" against OSU.
Sophomore TB Kenny Hayter also got a lot work with the first team this week
after rushing for 122 yards against OSU.
* * * *
This game is always a difficult one to figure because strange things happen
a
lot when the Longhorns and Sooners do battle. But I think the Longhorns
will
win if they can avoid getting any punts blocked because the two teams are
comparable in terms of offensive efficiency, but Texas appears to have a
much
better defense.
Oklahoma has outstanding linebackers and a good secondary, but the Sooner
line has not been a great run-stopping unit. The Longhorns should be able
to
run the ball better than the Sooners and that should be the difference in
the
game. Under Mack Brown, the Longhorns are 17-0 when they outrush their
opponents.
* * * *
RECRUITING NOTES: QB Matt Nordgren of Dallas Bishop Lynch visited the Texas
practice Thursday and spend a lot of time after practice talking to Brown
and
offensive coordinator Greg Davis. He was not due to get back into Dallas
until late tonight, but his father said he did not commit to the Horns and
probably will take some more time before making a decision. . . LB/DE
Jonathan Jackson of Galena Park North Shore is being recruited by most
colleges, including UT, as a defensive end. Colleges are wanting DEs with
great speed as outside pass rusher and Jackson ran a 4.56 at a summer camp.
That is very fast for a 6-3, 230-pounder. . . DE Eric Hall of Clarksville,
Tenn., is still a likely future Longhorn. If Texas can corral Jackson and
Hall, that would give them two outstanding speed rushers from the corner if
they both wind up at end. The Longhorns have a great chance to get both of
them.
* * * *
KICKOFF WEATHER FORECAST: If you are going to the game, the Weather Bureau
is
forecasting temperatures in the low 60s with a possible 30% chance of rain
at
11 a.m. Saturday when the game is scheduled to begin. If  rain does occur,
it
is expected to stop in the early afternoon.
* * * *
BASKETBALL RECRUITING NOTES: Two heralded 6-2 stars who are so versatile
that
they have played point guard at times have committed to the Texas women's
basketball team. Kala Bowers of Woodward, Okla., and Jody Bell of Calgary,
Alberta, Canada, both committed to coach Jody Conradt. Bowers is a national
top 25 player who was one of just four high school underclassmen to be
invited to try out for the 2000 junior national team.  She also considered
Colorado, North Carolina, Stanford and Nebraska. She averaged 15.8 points
and
7.4 rebounds last season. Bell averaged 14.5 points and 11.4 rebounds for
Chestermere High School in Calgary. She was a member of the Canadiana
junior
national team. She considered only warm-weather schools and wound up
picking
Texas over Arizona State. Both girls played point guard at times last
season
and both are outstanding ball handlers. Conradt also has commitments from
forward Heather Schreiber, 6-2, of Windthorst, the state's hottest
prospect,
and 5-11 forward CoCo Reed of Houston Jersey Village
* * * *
My next fax/e-mail will be whenever events warrant.
* * * *
The True Orange Fax Service includes  at  least  99 fax/e-mails  a year and
costs $99 ($79 by E-Mail). The True Orange Newsletter includes  26
newsletters and is published weekly during football season and twice
monthly
during most of the other months. It costs $45. Save by subscribing to both
for $130 (or $110 if you take the faxes via E-Mail  or $99 if you take the
faxes and newsletter  via E-Mail). Send check  to address at the top of
page.
I also  update my 900 number ? 1-900-288-8839 ? frequently with recruiting
news. My E-Mail address is: truorange@aol.com





"
14,True Orange Fax/E-Mail #73,dgagliardi@reliantenergy.com,clint.dean@enron.com,"Mon, 21 Aug 2000 03:10:00 -0700 (PDT)"," cdean.nsf

---------------------- Forwarded by David M Gagliardi/TTG/HouInd on
08/21/2000 10:10 AM ---------------------------


""Michael Gagliardi"" <mggagliardi@duke-energy.com> on 08/21/2000 07:25:59 AM

To:   DGagliardi@reliantenergy.com, David_Ricks@GSDM.com
cc:

Subject:  True Orange Fax/E-Mail #73





---------------------- Forwarded by Michael
Gagliardi/Hou-ComOps/EnergyTrading/PEC on 08/21/2000 07:34 AM
---------------------------


TruOrange@aol.com on 08/20/2000 07:25:25 PM

To:   TruOrange@aol.com
cc:    (bcc: Michael Gagliardi/Hou-ComOps/EnergyTrading/PEC)
Subject:  True Orange Fax/E-Mail #73




True Orange Fax/E-Mail Service
Volume 8, Fax/E-Mail #73, Sunday, August 20, 2000
Jerry Scarbrough's True Orange, P. O. Box 26530, Austin, Texas 78755 -
Phone
512-795-8536

Brown Says Offense Much Improved, Defense Very Solid

Coach Mack Brown said Sunday the Longhorns' offense should be much better
this season, and he said the defense should be his best since coming to
Texas.
Brown said the players showed up in great shape and have shown a lot of
enthusiasm in all of the early practices. He also said thd depth,
offensively
and defensively, will be better than it has been.
The offensive line is the main question mark, and Brown said flatly, ""The
offensive line is much improved. There is a lot more cohesiveness. Most of
the guys were starting for the first time last year and they are much more
sure of what they need to do now that they have more experience.""
He said guard Antwan Kirk-Hughes is the most improved offensive linemen,
but
he also said, ""We feel like all five (offensive line starters) will be
quality
players.""
The team appears to be thinner at guard than tackle on offense, but the
coaches have moved backup tackle Robbie Doane to guard. That is a sure sign
that they like the work of massive true freshman Lionel Garr at offensive
tackle. They want to have four tackles and four guards. With Leonard Davis
and Mike Williams starting at tackle and Cory Quye and Garr backing them up
and Kirk-Hughes and Derrick Dockery starting at guard and Doane and Tillman
Holloway backing them up, they get their desired two-deep. Broad also said
junior squadman Corey Bradford has been looking good at tackle. At center,
starter Matt Anderson is getting a strong challenge from Beau Baker.
Brown also has said a lot of true freshmen will play this year. ""If we
think
they can help us win, they'll play,"" he said following a two-hour practice
session Sunday Morning. True freshman WR Roy Williams and redshirt freshman
WR Artie Ellis, both in the 6-3, 6-4 range, had outstanding practices.
Looking at the 21 freshmen, it appears likely that 14 will play. They are
Garr, WRs Roy Williams, B. J. Johnson, Sloan Thomas and Tony Jeffery, TE
Brock Edwards, DEs Adam Doiron and Kalen Thonton, DT Stevie Lee, CB Nathan
Vasher, LB Austin Sendlein, safety Phillip Geiggar, punter Justin Smith and
kicker Matt McFadden.  Brown has said he wants to use the two kickers, at
least in back-up roles, so they will have a little experience when they
take
over the two jobs next year.
TE Bo Scaife's season-ending knee injury has the coaches putting Edwards on
the fast track to get him ready to play quickly. TE coach Tim Brewster says
Edwards is picking up things very quickly. Brown said, ""The thing  that Bo
gave us was great speed down the field. Brock Edwards looks pretty fast,
too,
and he's ahead of where Bo was last year because of Bo's knee."" Scaife came
to Texas after undergoing surgery on his other knee.
The true freshmen who probably won't play, barring a rash of injuries at
their positions, are QB Chance Mock, RB Sneezy Beltran, FB Will Matthews,
OLs
Trey Bates and Jason Glynn,  and LBs Austin Sendlein and Rashad Thomas.
Mock,
as the third quarterback behind Chris Simms and Major Applewhite, will be
trained to be ready to play, but Brown said he hopes to redshirt him. He
has
been looking very good. Beltran and Matthews also look good, but the Horns
are deep at their positions. Brown also has said he hopes to redshirt some
offensive linemen, and Bates and Glynn are the likely candidates.
* * * *
Correction: Oh boy, when I mess up, I mess up. In last night's fax, I
quoted
a Texas coach as comparing Roy Williams favorably with Lovell Pinkney and
Mike Williams. Obviously, I meant Lovell Pinkney and Mike Adams. Sorry
about
that. Got my Mike's mixed up.
* * * *
RECRUITING NOTES: Texas continues to lead for the state's best DT, Tommie
Harris of Killeen Ellison; best LB Derrick Johnson of Waco; best safety,
Dewayne Brandon of Temple; best RB Cedric Benson of Midland Lee; best QB
Matt
Nordgren of Dallas Bishop Lynch, and best TE, James Moses of Galena Park
North Shore, , , The high school football season starts next week, and, for
the first time in several years, I will be able to scout five of the
state's
top players without driving very far. They are Harris, Johnson, Brandon, CB
Cedric Griffin of San Antonio Holmes (a UT commitment) and QB/Athlete Quan
Cosby of Mart.
* * * *
My next fax will be Monday, August 21.
* * * *
The True Orange Fax Service includes  at  least  99 faxes  a year and costs
$99 ($79 by E-Mail). The True Orange Newsletter includes  26 newsletters
and
is published weekly during football season and twice monthly during most of
the other months. It costs $45. Save by subscribing to both for $130 (or
$110
if you take the faxes via E-Mail  or $99 if you take the faxes and
newsletter
via E-Mail). Send check  to address at the top of page. I also  update my
900 number

- 1-900-288-8839
- frequently with recruiting news. My E-Mail
address is: truorange@aol.com




"
15,Fw: True Orange Fax/E-M ail #43,dgagliardi@reliantenergy.com,clint.dean@enron.com,"Tue, 3 Apr 2001 02:42:00 -0700 (PDT)"," cdean.nsf

---------------------- Forwarded by David M Gagliardi/TTG/HouInd on
04/03/2001 09:41 AM ---------------------------


""Michael Gagliardi"" <mikegag@msn.com> on 04/03/2001 09:18:30 AM

To:   <dgagliardi@reliantenergy.com, david_ricks@gsdm.com,
tony.a.rogers@fritolay.com>
cc:

Subject:  Fw: True Orange Fax/E-M ail #43





----- Original Message -----
From:?TruOrange@aol.com
Sent:?Monday, April 02, 2001 11:02 PM
To:?TruOrange@aol.com; hramsey@intellimark-it.com
Subject:?True Orange Fax/E-M ail #43

True Orange Fax/E-Mail Service
Volume 9, Fax/E-Mail #43, Monday, April 3, 2001
Jerry Scarbrough's True Orange, P. O. Box 26530, Austin, Texas 78755 -
Phone=
=20
512-795-8536

Longhorns Will Wrap Up Spring Football Drills Wednesday

The Longhorns worked out in shorts Monday, and coach Mack Brown said the
tea=
m=20
will practice Tuesday at? 4 p.m. and then scrimmage Wednesday, probably at
5=
=20
p.m., to wrap up what he termed ""our best spring? since we've been here.""
Brown said the Tuesday practice will be at the Denius Fields and the=20
Wednesday scrimmage will be at Royal Memorial Stadium. He said he would=20
announce a time for the scrimmage at Tuesday's practice.
NCAA rules require that three of the 15 spring practices be in shorts,
and=20
Brown said that was the reason the team practiced in shorts Monday. ""We=20
practiced in shorts the first two days, and we had to get a third day in=20
shorts,"" he said.
The Horns worked primarily on their passing game because it's hard to do
muc=
h=20
on the running game in shorts. QB Chris Simms continued to look very
sharp,=20
and sophomore TEs Bo Scaife and Brock Edwards both made several
outstanding=20
catches. Everyone knows about the Longhorns' fine WRs, but there won't be
a=20
better pair of TEs in the Big 12 than Scaife and Edwards. There might not
be=
=20
a better pair in the country.
Brown said the Longhorns will have more speed on defense this season
than=20
they have had since he got here. ""Everything we're doing is trying to get
th=
e=20
fastest guys on the field,"" he said, noting that former LB O. J.
McClintock=20
is doing a good job of pass rushing at DE, and former DE Maurice Gordon
is=20
doing the same at DT.=20
""In each case, those moves were made to increase our speed,"" he said.
* * * *
If you saved the class chart in my March 12 newsletter, take a look at
the=20
players in each class and see how many top hands you see. I did that
today=20
and I counted nine fine players in the sophomore class, plus three others
wh=
o=20
might be fine players, too. No other class has more than five, although
the=20
12 redshirted freshmen might produce more than that.
I'm not going to identify the guys who I think are really good in each
class=
=20
because then it would be obvious which starters I don't think are really=20
good. I try to avoid being overly critical of any of the kids,? so I
would=20
suggest you look at the class chart, too, and see how you think the
various=20
classes rank.
One other important thing to note is that senior CB Quentin Jammer is an=20
outstanding player who is projected to be the first defensive back picked
in=
=20
the next NFL draft. But he has a very hard time covering either of the=20
Longhorns' pair of star sophomore wide receivers (Roy Williams and B. J.=20
Johnson) on a consistent basis.
Opposing teams usually double cover Williams, which means Johnson and
the=20
tight ends draw single coverage. That is going to make the Longhorns'
passin=
g=20
game more potent than ever this season.
Scaife is regaining the form he showed last spring before injuring his
knee=20
during the pre-season workouts. If he hadn't missed last season, I think
the=
=20
Longhorns would have gone 11-1. Obviously, he wouldn't have made that
much=20
difference in the 63-14 loss to Oklahoma, but I think he would have made
a=20
big difference in the narrow losses to Stanford and Oregon. The
Longhorns=20
were building their passing offense around him before his injury, and he=20
would have helped buy time for the true freshmen wide receivers to begin=20
helping out.
* * * *
RECRUITING NOTES: The Longhorns are leading for a great wide receiver=20
prospect from Champaign, Illinois. He is Marquis Johnson, 6-3, 190, 4.4.
UT=20
assistant Tim Brewster, an Illinois graduate, is handling the
recruiting.=20
Johnson says he already has an offer from Illinois, but he says Texas
leads=20
Illinois, FSU, Michigan and Notre Dame. He said he might come to a UT
camp=20
this summer. Johnson is a national top 100 prospect heading into his
senior=20
season.
* * * *
Texas basketball assistant coach Rob Lanier has decided not to pursue
the=20
head coaching job at St. Bonaventure, his alma mater. He said he sees
""great=
=20
potential that exists for our basketball program here at Texas,"" and
feels=20
""confident that is it in my best interest to continue assisting coach
(Rick)=
=20
Barnes in maing our program here at Texas one of the best in the country.""
* * * *
My next e-mail/fax will be Tuesday, April? 3.
* * * *
The True Orange Fax Service includes? at? least? 99 fax/e-mails? a year
and=20
costs $99 ($79 by E-Mail). The True Orange Newsletter includes? 26=20
newsletters and is published weekly during football season and twice
monthly=
=20
during most of the other months. It costs $45. Save by subscribing to
both=20
for $130 (or $110 if you take the faxes via E-Mail? or $99 if you take
the=20
faxes and newsletter? via E-Mail). Send check? to address at the top of
page=
.=20
I also? update my 900 number =96 1-900-288-8839 =96 frequently with
recruiti=
ng=20
news. My E-Mail address is: truorange@aol.com

"
16,,clint.dean@enron.com,clint.dean@enron.com,"Tue, 20 Nov 2001 10:39:48 -0800 (PST)"," doug gilbert smith 6-25-02.PST

When: Tuesday, November 20, 2001 2:00 PM-2:30 PM (GMT-06:00) Central Time (US & Canada).
Where: 6102

*~*~*~*~*~*~*~*~*~*
"
17,FW: Reliant RFP 10% Price to Beat,karla.compean@enron.com,clint.dean@enron.com,"Mon, 10 Sep 2001 12:22:20 -0700 (PDT)"," CDEAN (Non-Privileged).pst



-----Original Message-----
From: Curry, Mike 
Sent: Wednesday, August 29, 2001 7:01 PM
To: Trefz, Greg; Compean, Karla
Subject: FW: Reliant RFP 10% Price to Beat


I'm putting this on your list.  Let me know who wants to work this one.  Due sep. 20th

-----Original Message-----
From: NBrady@Navigantconsulting.com
[mailto:NBrady@Navigantconsulting.com]
Sent: Friday, August 24, 2001 3:08 PM
Subject: Reliant RFP


The following email was sent earlier today regarding the Reliant RFP for
10% of its Price to Beat load.  We received your email back due to the size
of the file.  We have reconfigured ""appendix b"" and attached it below as
""special appendix b"" so that the size of the file would be smaller and go
through your firewall.  The information contained in ""special appendix b""
is the same as ""appendix b"" the original sent.  If you have any questions
or problems with the following please call me at 512.345.5415.

Thanks for your patience.

Nicole Brady






Attached is an electronic copy of the Reliant Energy Services Request for
Proposal for Power Supply to 10% of its Price to Beat Load.

A hard copy of this RFP has also been forwarded via FedEx for delivery to
your attention today.  The FedEx package also includes a CD with the detail
load profile information.

A ""typical"" transmittal letter is attached providing an overview of the
supply requirements, planned RFP administration and proposal requirements.
Proposals are due on September 20, 2001.

A pre-proposal meeting will be held August 30, 2001 at the Reliant Energy
Plaza in Houston, TX.  RSVP is required as lunch will be provided.

Your review and consideration of this RFP is appreciated.

(see attached file: RFPcoverletter.doc, FinalRFP.doc, AppendixA.doc,
AppendixB.doc)

Sincerely,

Nicole Brady
Navigant Consulting, Inc.
512.345.5415

(See attached file: RFP cover letter.doc)(See attached file: Final RFP.doc)
(See attached file: Appendix A.doc)(See attached file: special appendix
b.doc)"
18,Greetings from Jim Jehovics,jsj@albrecht-assoc.com,clint.dean@enron.com,"Mon, 8 Oct 2001 08:51:53 -0700 (PDT)"," CDEAN (Non-Privileged).pst


Clint,
Thanks for the information. Let's keep in touch.
Regards
Jim S. Jehovics, CSAM
Senior Consultant
Albrecht &  Associates 
10700 Richmond Avenue, Suite 217
Houston, TX   77042
713-784-7444 x126
FAX 713-784-5049jsj@albrecht-assoc.com www.albrecht-assoc.com "
19,Reliant Commercial classes,lance.cunningham@enron.com,clint.dean@enron.com,"Wed, 24 Oct 2001 09:11:28 -0700 (PDT)"," CDEAN (Non-Privileged).pst

http://hlp.reliantenergy.com/business/majoraccts/pricingoptions/

Lance B. Cunningham, P.E.
Enron Wholesale Services, Research
1400 Smith Street
Houston, TX  77002-7361
(713) 345-4186  FAX (713) 646-2503"
20,FW: Mark Patterson,l..day@enron.com,clint.dean@enron.com,"Tue, 30 Oct 2001 06:04:08 -0800 (PST)"," CDEAN (Non-Privileged).pst



 

--------- Inline attachment follows ---------

From:  </O=ENRON/OU=NA/CN=RECIPIENTS/CN=SDAY>
Date: Friday, May 25, 2001 12:45:38 GMT
Subject: "
21,FW: True Orange E-Mail/Fax #80,dgagliardi@reliant.com,clint.dean@enron.com,"Fri, 17 Aug 2001 06:19:06 -0700 (PDT)"," CDEAN (Non-Privileged).pst


----- Forwarded by David M Gagliardi/TTG/HouInd on 08/17/01 08:16 AM -----

                    ""Gagliardi,
                    Michael""             To:     ""'dgagliardi@reliantenergy.com'"" <dgagliardi@reliantenergy.com>,
                    <mgagliardi@u        ""'tony.a.rogers@fritolay.com'"" <tony.a.rogers@fritolay.com>,
                    nocal.com>           ""'david.ricks@spotplus.com'"" <david.ricks@spotplus.com>
                                         cc:
                    08/17/01             Subject:     FW: True Orange E-Mail/Fax #80
                    06:57 AM








> -----Original Message-----
> From:         TruOrange@aol.com [SMTP:TruOrange@aol.com]
> Sent:         Thursday, August 16, 2001 11:14 PM
> To:           TruOrange@aol.com
> Subject:           True Orange E-Mail/Fax #80
>
> True Orange E-Mail/Fax Service
> Volume 9, E-Mail/Fax #80, Thursday, August 16, 2001
> Jerry Scarbrough's True Orange, P. O. Box 26530, Austin, Texas 78755 -
> Phone
> 512-795-8536
>
> Williams, Benson Star as Horns Stress Running Game in First Scrimmage
>
> Sophomore  Ivan Williams, the forgotten man at Texas, and true freshman
> Cedric Benson, the guy everyone can't wait to see, were the offensive
> stars
> of the first Longhorn scrimmage of pre-season football practice Thursday
> afternoon.
> Williams had more opportunities than anyone else and he took advantage of

> them, using his 6-1, 245-pound body to run for three touchdowns, all on
> 1-yard runs, and to gain 78 yards on 10 carries.
> ""Ivan really stepped up,"" said head coach Mack Brown. ""he weighs about
245
>
> pounds and he really did a good job for us today. He showed a lot of
power
>
> and determination.""
> Benson, the phenom from Midland Lee, had five carries for 37 yards and
> also
> went 25 yards with a swing pass from QB Chris Simms. He made four yards
on
>
> one play that looked like it would be a four-yard loss. He has a great
> combination of speed, power and cutback ability.
> ""Cedric  has great quickness and great vision,"" Brown said. ""He's a tough

> kid, too. Rufus Harris (freshman safety) really belted him on one run,
and
> he
> just hopped back up and went back to the huddle like nothing had
happened.
> He
> ran the ball a lot at Midland Lee with everybody keying on him, so he's
> already shown he's a tough runner.""
> The coaches stressed the running game in the scrimmage, and Brown said
> that
> was because they had to work primarily on the passing game when they were
> in
> shorts and shells for the first several days of practice and also
because,
>
> ""It's important that we have a good running game.""
> He said the offense needs to make more time-consuming drives to ""help
keep
>
> our defense fresh. We've got to use our offense to help our defense out
by
>
> controlling the clock a little more.""
> The right side of the offensive line, with guard Antwan Kirk-Hughes and
> tackle Mike Williams, did a great job of run blocking throughout the
> scrimmage.
> Simms also had a good day passing, hitting 15 of 23 for 142 yards and a
> touchdown on a 16-yard completion to sophomore WR Sloan Thomas, who made
a
>
> great catch just before going out of bounds.
> But this was a day for running backs to shine, and starter Victor ike had
> 28
> yards on just four carries and also had a 37-yard run with a short pass.
> Redshirt freshman Sneezy Beltran had 40 yards on just two carries and
> junior
> Kenny Hayter had five carries for 34 yards.
> Sophomore DB Nathan Vasher had an 82-yard kickoff return for a touchdown.
> Walk-on Mike Ungar had a 46-yard touchdown catch on a long pass from
> redshirt
> freshman QB Chance Mock.
> Senior QB Major Applewhite, working with the second-team offense
primarily
>
> against the first-team defense, competed 5 of 13 passes for 27 yards and
> sophomore safety Dakarai Pearson picked off one and would have run it in
> for
> a touchdown if the officials hadn't blown the play dead. Mock's only
> completion in three attempts was the long TD strike to Ungar.
> JC transfer Brian Bradfort\d, who appears to have nailed down the
starting
>
> punting job, had two punts, with one going 44 yards and the other going
> 43.
> On the down side, however, he did have one blocked.
> Freshman walk-on Dusty Mangum of Mesquite was the starting place kicker
> and
> he was three-for-three on field goals from 32, 46, and 26 yards out.
> The Longhorns will practice at 8:30 a.m. and 7 p.m. Friday at the Denius
> Fields before having a second scrimmage at 9 a.m. Saturday in Royal
> Memorial
> Stadium.
> RECRUITING NOTES: With 12 commitments already, the Longhorns are about
> halfway through recruiting. Look for them to sign 12 to 14 more players,
> with
> most of them coming from a group that includes DT Roderique Wright of
> Alief
> Hastings, WR Marquis Johnson of Champaign, Ill.; DT-OG Kasey Studdard of
> Highlands Ranch, Colo.; RB Albert Hardy of Galena Park, LB Aaron Harris
of
>
> North Mesquite, DE Travis Leitko of The Woodlands, DE Larry Dibbles of
> Lancaster, DT Marco Martin of Mesquite, CB Ricky Wilson of Port Arthur
> Lincoln, DE Chase Pittman of Shreveport Evangel, DE Brian Pickryl of
> Jenks,
> Okla., DE Dontroll Coates of Anahuac, WR Biren Ealy of Cypress Falls, OL
> Justin Blaylock of Plano East, OL Tony Ugoh of Spring Westfield,  OLBs
> Garnett Smith of Arlington Lamar and Glenn Jackson of Carrollton Turner
> and
> CB Donald Burgs of Houston Madison. There are some other guys Texas will
> get,
> too, but these are the ones who are the best bets  now.
> My next e-mail/fax will be whenever events warrant.
> The True Orange E-Mail/Fax Service includes  at  least  99 fax/e-mails  a

> year and costs $99 ($79 by E-Mail). The True Orange Newsletter includes
> 26
> newsletters and is published weekly during football season and twice
> monthly
> during most of the other months. It costs $45. Save by subscribing to
both
>
> for $130 (or $110 if you take the faxes via E-Mail  or $99 if you take
> both
> services via E-Mail). Send check  to address at the top of page. I also
> update my 900 number - 1-900-288-8839 - daily with recruiting news. My
> E-Mail address is: truorange@aol.com.

"
22,FW: True Orange E-Mail/Fax #66,dgagliardi@reliant.com,clint.dean@enron.com,"Thu, 19 Jul 2001 07:22:17 -0700 (PDT)"," CDEAN (Non-Privileged).pst


----- Forwarded by David M Gagliardi/TTG/HouInd on 07/19/01 09:20 AM -----

                    ""Gagliardi,
                    Michael""             To:     ""'dgagliardi@reliantenergy.com'"" <dgagliardi@reliantenergy.com>,
                    <mgagliardi@u        ""'tony.a.rogers@fritolay.com'"" <tony.a.rogers@fritolay.com>
                    nocal.com>           cc:
                                         Subject:     FW: True Orange E-Mail/Fax #66
                    07/19/01
                    07:03 AM








> -----Original Message-----
> From:         TruOrange@aol.com [SMTP:TruOrange@aol.com]
> Sent:         Wednesday, July 18, 2001 6:55 PM
> To:           TruOrange@aol.com
> Subject:           True Orange E-Mail/Fax #66
>
> True Orange E-Mail/Fax Service
> Volume 9, E-Mail/Fax #66, Wednesday, July 18, 2001
> Jerry Scarbrough's True Orange, P. O. Box 26530, Austin, Texas 78755 -
> Phone
> 512-795-8536
>
> UT Game at Houston Set for 8 P. M. Kickoff for TV
>
>  The Texas-Houston football game at Houston on Sept. 22 has been set for
> ESPN2 national television with an 8 p.m. kickoff. That is great news for
> Longhorn fans because the Cougars' athletic director has insisted on
> playing
> the game at Robertson Stadium, which has very limited seating capacity in
> the
> 30,000 range.
> That means Texas' first three games will be televised, with Fox
> telecasting
> the Sept. 1 opener in Austin at 6 p.m. against New Mexico State and ABC
> televising the Sept. 8 Austin game against North Carolina at 11 a.m. That
> 11
> a.m. kickoff time should boost the TV ratings in Texas because it is
> brutally
> hot in Memorial Stadium in early September when the sun is directly
> overhead.
> I expect a lot of folks who bougtht tickets to that one to decide to
watch
> in
> in their air conditioned homes.
> * * * *
> UT basketball coach Rick Barnes announced Wednesday something I announced
> in
> a fax last Thursday  - Sydmill Harris, a 6-6, 190-pound shooting guard
for
>
> The Netherlands National Team, has committed to Texas and will be
eligible
>
> this season.
> Harris, who is attending summer school in Austin already, averaged 7.5
> points
> in his first season with the Dutch National Team after leading the Dutch
> Junior National Team in scoring for four straight seasons.
> ""Sydmill comes here with the reputation as a solid outside shooter,""
> Barnes
> said. ""He's a very mature and intelligent young man, both in the
classroom
>
> and on the basketball court. Sydmill was looking for a college program in
> the
> U. S. where he could contribute immediately and continue to learn  and
> grow
> as a basketball player. He'll definitely find that here at Texas.""
> Barnes said Harris hit 34.5% (38 of 110) of his trey attempts last
season,
>
> noting that the international three-point line is at 20 feet, 6.1 inches,

> which is slightly deeper than the NCAA's 19-9 arc.
> Longhorn players who have been working out with Harris report he lives up
> to
> his reputation as a super shooter with outstanding range.
> Harris is a good pickup for the Horns, who lost both super shooting
guards
> in
> Texas to out-of-state schools. Daniel Horton of Cedar Hill chose Michigan
> and
> Bracey Wright of The Colony announced earlier this wee that he has
> narrowed
> his choices to five out-of-state schools.
> Another outstanding shooter, Lakeland, Florida's 6-5 swingman Rashad
> Anderson, led his Tallahassee Wildcats to a 69-36 route of the two-time
> defending champion Fort Worth Lions in the championship game of the Great

> America Shootout in Denton Monday. He says Texas is his top choice right
> now.
> ""I like it here and Texas told me they need a two (shooting) guard,"" he
> said,
> adding that he also is considering Temple, Florida State, Connecticut and
> St.
> John's. He hit four three-pointers in the first half to help Tallahassee
> blow
> out the Fort Worth team and take a 30-8 lead at intermission. He finished

> with 18 points to lead all scorers in the game.
> * * * *
> Junior reserve DE Adam McConathy has been released from his scholarship
> and
> plans to transfer to another school to try to get more playing time.
> * * * *
> RECRUITING ROUNDUP: Super WR Marquis Johnson of Champaign, Illinois, says
> he
> will take an unofficial visit to Texas this weekend. He said he and a
> friend
> are going to ""take a few days of vacation and come to Austin."" He said he

> still favors Texas, despite never having visited the state, ""because I
> really
> like the offense they run."" If the Longhorns can land Johnson and Robert
> Timmons of Flower Mound Marcus, the top WR in Texas, they probably won't
> sign
> any other receivers because they already have a commitment from WR Dustin

> Miksch of Round Rock Westwood. The Longhorns still have 11 commitments,
> including six guys who have been on one or more national top 100 lists.
> They
> are  OL Neale Tweedie, 6-5, 260, 4.9, of Allen; TE-LB David Thomas, 6-3,
> 210,
> 4.6, of Wolfforth Frenship;  OL Brett Valdez, 6-4, 310, 5.1, of
> Brownwood,
> and DTs Sonny Davis, 6-1, 320, 5.0, of Gulf Coast JC in Mississippi (who
> was
> on all the top lists last year when he was a senior at Austin Lanier),
> Earl
> Anderson, 6-4, 270, 4.8, of San Marcos and Lyle Sendlein, 6-4,  260, 4.8,
> of
> Scottsdale Chaparral.
> * * * *
> My next e-mail/fax will be whenever events warrant.
> * * * *
> The True Orange E-Mail/Fax Service includes  at  least  99 fax/e-mails  a

> year and costs $99 ($79 by E-Mail). The True Orange Newsletter includes
> 26
> newsletters and is published weekly during football season and twice
> monthly
> during most of the other months. It costs $45. Save by subscribing to
both
>
> for $130 (or $110 if you take the faxes via E-Mail  or $99 if you take
the
>
> faxes and newsletter  via E-Mail). Send check  to address at the top of
> page.
> I also  update my 900 number - 1-900-288-8839 - frequently with
recruiting
>
> news. My E-Mail address is: truorange@aol.com.

"
23,,laurel.bolt@enron.com,clint.dean@enron.com,"Mon, 17 Sep 2001 12:05:00 -0700 (PDT)"," CDEAN (Non-Privileged).pst

The Services deal summary is in M:\Eservices\Deal Summary\Services Deal List.xls.  The password is service.  Please let me know if you have any questions or problems.

Thanks,
Laurel"
24,Valuing ERCOT Industrial Load,rahul.seksaria@enron.com,clint.dean@enron.com,"Mon, 15 Oct 2001 12:14:09 -0700 (PDT)"," CDEAN (Non-Privileged).pst

I met with the Research team responsible for building a model for EES and ran through the model. The model can be used to value ERCOT deals or at least we can use it as a benchmark for pricing. I have attached a document that summarizes what EES is using the model to price, and how we can use it to price our deals. I am out tomorrow but will be back in the office Wed. morning. Research is looking at historical ERCOT prices and customer load data (TXI). I will set up a meeting on Wednesday to further discuss the model and other issues associated with deal valuation.					
Call me on my cell if you need to reach me, (832) 275-8212

 

Regards

Rahul Seksaria
Enron Corp
1400 Smith Street, Ste 3152A
Tel: (713) 345-8801
Fax: (713) 646-3037


"
25,FW: Password Reset,clint.dean@enron.com,clint.dean@enron.com,"Wed, 19 Sep 2001 06:22:35 -0700 (PDT)"," CDEAN (Non-Privileged).pst

Your personnel number is 00509091
Your user id is: P00509091

Password: yitbos

 
"
26,True Orange Fax/E-Mail 72,dgagliardi@reliantenergy.com,clint.dean@enron.com,"Mon, 21 Aug 2000 03:02:00 -0700 (PDT)"," cdean.nsf

---------------------- Forwarded by David M Gagliardi/TTG/HouInd on
08/21/2000 10:01 AM ---------------------------


""Michael Gagliardi"" <mggagliardi@duke-energy.com> on 08/21/2000 07:25:33 AM

To:   DGagliardi@reliantenergy.com, David_Ricks@GSDM.com
cc:

Subject:  True Orange Fax/E-Mail 72





---------------------- Forwarded by Michael
Gagliardi/Hou-ComOps/EnergyTrading/PEC on 08/21/2000 07:34 AM
---------------------------


TruOrange@aol.com on 08/19/2000 10:57:39 PM

To:   TruOrange@aol.com
cc:    (bcc: Michael Gagliardi/Hou-ComOps/EnergyTrading/PEC)
Subject:  True Orange Fax/E-Mail 72




True Orange Fax/E-Mail Service
Volume 8, Fax/E-Mail #72, Saturday, August 19, 2000
Jerry Scarbrough's True Orange, P. O. Box 26530, Austin, Texas 78755 -
Phone
512-795-8536

Roy Williams Stars Again; Brown Says Scaife Upbeat

This may sound like a repeat of an earlier fax, but freshman WR Roy
Williams
caught so many long passes Saturday that I lost count. Williams is so big
and
fast and smooth that he makes difficult catches look surprisingly easy.
I talked to one veteran Longhorn coach who told me Williams is easily the
best freshman wide receiver he has ever coached or seen. ""He's kind of a
combination of Mike Williams and Lovell Pinkney,"" the coach said. ""He's
even
faster than Mike, he's nearly as tall as Lovell and he catches the ball
better than either of them.""
Freshmen receivers normally need some time to adjust to the way DBs jam
them
at the line of scrimmage, but Williams just runs through jams, then outruns
or outjumps whichever veteran DB has the misfortune to be trying to cover
him.
Coach Mack Brown said some of the veteran defensive backs came out to watch
the freshmen practice before the varsity checked in and saw Williams
running
wild, and some of the other freshman WRs looking very good, too. ""Some of
those defensive guys said things were going to change when they get with
us,""
Brown said, then added with a chuckle, ""but it hasn't changed much. They
(the
freshmen WRs) still look pretty good.""
Sloan Thomas, B. J. Johnson and Tony Jeffery are the other three freshmen
WRs, and they also are making strong bids for playing time, but there is no
question that, right now, Williams is the brightest of the young star
receivers.
In addition to outstanding size, speed and body control, he makes quick
adjustment while the ball is in the air to get in just the right position
to
make the catch. If you haven't been to a Longhorn practice, you should come
to one just to see Williams in action.
Brown said there is a very good chance that all four of the freshmen WRs
will
play this year. ""The thing we are going to try to do is win,"" he said. ""If
they can help us win, they'll play, and they are looking pretty good right
now.""
* * * *
Brown said sophomore TE Bo Scaife is reasonably upbeat about the
season-ending knee injury he suffered Friday about one hour deep into the
first varsity practice. ""He said it was great that he played last year, so
he
can count this as his redshirt year,"" Brown said.
Brown also said the doctors said the injury is not as severe as the one
Scaife suffered to his other knee in high school.
* * * *
FOOTBALL NOTES: Kris Stockton is the starting punter and place kicker right
now. . . Brown said the team goal is to average 38 yards in net punting
this
season, which would be about nine yards better than the average last
season.
. . QB Major Applewhite still isn't showing any ill effects of off-season
knee surgery. . . Backup LB O. J. McClintock has intercepted two passes
during the two days of varsity practices. . . Freshman Stevie Lee and
redshirt freshman Marcus Tubbs are backing up star senior DTs Casey Hampton
and Shaun Rogers, and defensive coordinator Carl Reese says he expects big
things out of the two youngsters this season. . . Brown said Chad Stevens,
a
former tight end, will stay at fullback ""because we're going to move our
fullback up to a tight end spot at times to have a two-tight-end look.""
* * * *
RECRUITING NOTES: The Longhorns' 12 early commitments include two players
who
are on almost all of the national top 100 lists

- OLs Jonathan Scott of
Dallas Carter and Abe Robinson of Houston Jersey Village
- and another who
was on all the lists two years ago
- OL Alfio Randall of Blinn JC. UT also is
in great shape with  five other players who are on most national top 100
lists
- QB Brett Rawls of Shreveport Evangel, RB Cedric Benson of Midland, DT
Tommie Harris of Killeen Elllison, LB Derrick Johnson of Waco and S DeWayne
Brandon of Temple. DE Eric Hall of Clarksville, Tenn., is on several
national
top 100 lists, and he is a strong Texas lean.
* * * *
My next fax will be Sunday, August 20.
* * * *
The True Orange Fax Service includes  at  least  99 faxes  a year and costs
$99 ($79 by E-Mail). The True Orange Newsletter includes  26 newsletters
and
is published weekly during football season and twice monthly during most of
the other months. It costs $45. Save by subscribing to both for $130 (or
$110
if you take the faxes via E-Mail  or $99 if you take the faxes and
newsletter
via E-Mail). Send check  to address at the top of page. I also  update my
900 number
- 1-900-288-8839
- frequently with recruiting news. My E-Mail
address is: truorange@aol.com




"
27,Reliant zone graphic,lance.cunningham@enron.com,clint.dean@enron.com,"Tue, 23 Oct 2001 12:15:43 -0700 (PDT)"," CDEAN (Non-Privileged).pst

Clint,

The Reliant zone graphic is attached.

 

Lance"
28,Protocol link,l..day@enron.com,clint.dean@enron.com,"Tue, 25 Sep 2001 05:48:13 -0700 (PDT)"," CDEAN (Non-Privileged).pst


http://www.ercot.com/tac/retailisoadhoccommittee/protocols/keydocs/draftercotprotocols.htm


Smith L. Day
Enron Power Marketing, Inc.
Ph. 713-853-4201
Fax: 713-646-8272
Pager: 877-306-9429"
29,plan,doug.gilbert-smith@enron.com,clint.dean@enron.com,"Tue, 4 Sep 2001 09:25:32 -0700 (PDT)"," doug gilbert smith 6-25-02.PST

are you ready to meet to define the plan??"
30,Paris-Anna 345 kV Line ERCOT Constraint Relief Project,lance.cunningham@enron.com,clint.dean@enron.com,"Tue, 10 Apr 2001 05:25:00 -0700 (PDT)"," esaibi.nsf

FYI,

Line route and discussion at tomorrow's meeting.

LBC
---------------------- Forwarded by Lance Cunningham/NA/Enron on 04/10/2001 
12:09 PM ---------------------------


""Donohoo, Ken"" <KDonohoo@ercot.com> on 04/10/2001 11:36:54 AM
To: ""1 ROS and others(Reliability and Operations Sub.)""  <ros_etc@ercot.com>
cc: ""Jones, Sam"" <SJones@ercot.com>, ""Saathoff, Kent""  <KSaathoff@ercot.com>, 
""Myers, Steven"" <SMyers@ercot.com>, 1 System Planning 
<1SystemPlanning@ercot.com>, ""Almon, Brian""  <brian.almon@puc.state.tx.us>, 
""Ethridge, Ed""  <ed.ethridge@puc.state.tx.us>, ""Silverstein, Alison""  
<alison.silverstein@puc.state.tx.us> 

Subject: Paris-Anna 345 kV Line ERCOT Constraint Relief Project




Attached to this email is the Proposed Paris-Anna 345 kV Line ERCOT 
Constraint Relief Project for discussion at the ROS Meeting tomorrow.

I will not be able to attend due to being out of town.? Cathey Carter and Tim 
Mortensen of ERCOT System Planning will be attending in my place.? They are 
looking forward to your input.?? 

Your cooperation in this matter is appreciated. 

Kenneth A. Donohoo, PE 
Manager of System Planning, Technical Operations 
ERCOT 
2705 West Lake Dr. 
Taylor, TX 76574-2136 
(512)248-3003, FAX(512)248-3082 

? 
 - Paris-Anna 345 kV Line ERCOT Constraint Relief Project.doc
"
31,,jim.meyn@enron.com,clint.dean@enron.com,"Tue, 23 Oct 2001 06:30:52 -0700 (PDT)"," CDEAN (Non-Privileged).pst

http://inet.ees.enron.com/vision/comm/marketcentral/"
32,RE:,jennifer.k.dickinson@usa.conoco.com,clint.dean@enron.com,"Thu, 6 Jul 2000 02:49:00 -0700 (PDT)"," cdean.nsf

(281)293-4057

give me some times so I know what I can do-I'm not sure that I want to mess
with too much traffic today

love you,
jenn

-----Original Message-----
From: Clint.Dean@enron.com [mailto:Clint.Dean@enron.com]
Sent: Thursday, July 06, 2000 9:48 AM
To: Dickinson, Jennifer K.
Subject: Re:



Hey, would you please give me your phone number.  Do you want to go to the
Astros game tonight, I can get 2 free tickets.

I love you,
Clint"
33,Frontera Backup person,m..forney@enron.com,clint.dean@enron.com,"Fri, 20 Jul 2001 11:44:00 -0700 (PDT)"," eric saibi 6-26-02.PST



 
Stephanie McHargue will be backing up Jerry Watson this weekend.   She will be another contact person available to us if we cannot contact Jerry.  

Her numbers:

cell:   813-293-0700
home:   727-522-6741
pager:   813-266-8044

Remember to call her this weekend with any Frontera changes.

Thanks,
JMF"
34,number in California,tstrawser@vitria.com,clint.dean@enron.com,"Wed, 17 May 2000 09:28:00 -0700 (PDT)"," cdean.nsf

408-212-2607 (work) 
408-873-8720 (apt) 

Tara Strawser 
Staffing Consultant 
Vitria Technology 
tstrawser@vitria.com 
(408) 212 - 2607 
1-888-723-0969 (pager) 

"
35,True Orange Fax/E-Mail #104,dgagliardi@reliantenergy.com,clint.dean@enron.com,"Tue, 7 Nov 2000 00:28:00 -0800 (PST)"," cdean.nsf

---------------------- Forwarded by David M Gagliardi/TTG/HouInd on
11/07/2000 08:28 AM ---------------------------


mggagliardi@duke-energy.com on 11/07/2000 07:22:27 AM

To:   DGagliardi@reliantenergy.com, David_Ricks@GSDM.com,
Tony.A.Rogers@fritolay.com
cc:

Subject:  True Orange Fax/E-Mail #104



---------------------- Forwarded by Michael
Gagliardi/Hou-ComOps/EnergyTrading/PEC on 11/07/2000 07:21 AM
---------------------------


TruOrange@aol.com on 11/06/2000 07:21:16 PM

To:   TruOrange@aol.com
cc:
Subject:  True Orange Fax/E-Mail #104


True Orange Fax/E-Mail Service
Volume 8, Fax/E-Mail #104, Monday, November 6, 2000
Jerry Scarbrough's True Orange, P. O. Box 26530, Austin, Texas 78755 -
Phone
512-795-8536

Applewhite Has Knee Sprain, Won't Play at Kansas & He's Iffy for Aggies

Coach Mack Brown said Monday the MRI on QB Major Applewhite's knee showed a
strained PCL (posterior cruciate ligament) in his right knee that will
sideline him for the Kansas game and possibly for the Texas A&M game, too.
""It's a sprained ligament,"" Brown said. ""It won't require surgery, but he
is
out for this week and he's questionable for A&M.""
Brown said he is slightly optimistic because ""I've had five kinee
operations
and I never was moving around  as good as Major was Saturday night after
the
game.""
But he said sophomore Chris Simms is the starting QB and will be backed up
by
Beau Trahan, with WR Courtnee Garcia, a former high school QB, also getting
some snaps at QB just in case any additional injuries occur at the
position.
Brown said he has no plans to play freshman Chance Mock, who is
redshirting,
because he said Mock runs the opposing teams' offenses for the scout team
against the Longhorn defense and hasn't worked with the first or second
team
offenses all year.
""We think he is going to be a very good player, but we still plan to
redshirt
him this year,"" Brown said.
I talked to a couple of friends who are outstanding knee surgeons and both
said Applewhite will have a hard time returning in time for the A&M game.
They said he would have a very difficult time backing up with a sprained
PCL.
Brown said it will be important for the offense to be two-dimensional
against
Kansas  so all the pressure for moving the offense does not fall on Simms.
Freshman DT Stevie Lee (broken bone in foot) won't be able to play Saturday
at Kansas, Brown said, adding that it looks like Lee, who was injured in
the
third game, will not be able to play again this year and will be eligible
for
a medical redshirt that will give him four more years of eligibility. If a
player is injured prior to the fourth game, he is eligible for a medical
redshirt if he is unable to return later in the season.
Brown said backup CB Ervis Hill has a separated shoulder and is out for the
rest of the season. He also said backup WR Artie Ellis is still having
problems with a sore shin and won't play Saturday.
Redshirt freshman DT Ryan Haywood underwent shoulder surgery last week and
Brown said the doctors said it went well.
* * * *
The Longhorns are starting true freshmen at their three primary recever
positions, and Brown said all three of them are playing well. WRs Roy
Williams and B. J. Johnson have been starting for several weeks and they
already rank first (Williams) and second (Johnson) on the list of Longhorn
freshmen receivers in yardage for a season. TE Brock Edwards moved up when
Mike Jones hurt his knee, and Brown said Edwards, who got his second start
Saturday at Texas Tech, ""played really, really well. His blocking is much
better and he made two outstanding catches."" Williams has 544 yards in
receptions this season and Johnson has 496. The previous freshman high was
set by Lovell Pinkney, who had 458 receiving yards as a freshman in 1992.
* * * *
Brown said the Longhorns have been playing much better during their
four-game
winning streak, and he cited three primary reasons. ""The Oklahoma game got
our attention, we simplified our offense and Major got well,"" he said. He
said Applewhite had started looking like his old self in recent weeks.
""Seven
months out of a knee operation is not a long time,"" he said, citing the
time
between the surgery on Applewhite's left knee and the start of two-a-days.
* * * *
RECRUITING NOTES: Super DT Tommie Harris of Killeen Ellison plans to come
to
the A&M game the day after Thanksgiving. . . I'm not sure how soon it will
happen, but I will be very surprised if super LB Derrick Johnson of Waco or
super safety Dewayne Brandon of Temple wind up anywhere else but in Austin.
* * * *
My next e-mail/fax will be whenever events warrant.
* * * *
The True Orange Fax Service includes  at  least  99 faxes  a year and costs
$99 ($79 by E-Mail). The True Orange Newsletter includes  26 newsletters
and
is published weekly during football season and twice monthly during most of
the other months. It costs $45. Save by subscribing to both for $130 (or
$110
if you take the faxes via E-Mail  or $99 if you take the faxes and
newsletter
via E-Mail). Send check  to address at the top of page. I also  update my
900 number ? 1-900-288-8839 ? daily with recruiting news. My E-Mail address
is: truorange@aol.com





"
36,FW: True Orange E-Mail/Fax #73,dgagliardi@reliant.com,clint.dean@enron.com,"Wed, 8 Aug 2001 06:12:25 -0700 (PDT)"," CDEAN (Non-Privileged).pst


----- Forwarded by David M Gagliardi/TTG/HouInd on 08/08/01 08:10 AM -----

                    ""Gagliardi,
                    Michael""             To:     ""'dgagliardi@reliantenergy.com'"" <dgagliardi@reliantenergy.com>,
                    <mgagliardi@u        ""'tony.a.rogers@fritolay.com'"" <tony.a.rogers@fritolay.com>,
                    nocal.com>           ""'david.ricks@spotplus.com'"" <david.ricks@spotplus.com>
                                         cc:
                    08/08/01             Subject:     FW: True Orange E-Mail/Fax #73
                    07:07 AM








> -----Original Message-----
> From:         TruOrange@aol.com [SMTP:TruOrange@aol.com]
> Sent:         Tuesday, August 07, 2001 10:36 PM
> To:           TruOrange@aol.com
> Subject:           True Orange E-Mail/Fax #73
>
> True Orange E-Mail/Fax Service
> Volume 9, E-Mail/Fax #73, Tuesday, August 7, 2001
> Jerry Scarbrough's True Orange, P. O. Box 26530, Austin, Texas 78755 -
> Phone
> 512-795-8536
>
> Freshman Hold First Workouts, Impress Coaches
>
> The Longhorns' heralded freshmen had their first pair of workouts Tuesday
> and
> coach Mack Brown and his staff said they are very pleased with their
> newest
> group of recruits.
> ""They are big and fast and talented,"" Brown said. ""We are still glad we
> recruited all of them.""
> JC transfer Alfio Randall, who is being counted on to challenge for a
> starting job at offensive tackle, was held out of Tuesday's workouts
> because
> the doctors who conduct tests on all the team members said some of his
> blood
> tests need to be repeated. Brown said there was no indication from the
> doctors that there was a problem, but he said no players will work out
> until
> they have been thoroughly tested and cleared by the doctors.
> Two freshmen were nursing injuries. DB Rufus Harris of La Porte has a
sore
>
> quad muscle from one of the All-Star games and RB Anthony Johnson of
> Jefferson turned up with an old stress fracture in his foot. His injury
> probably will keep him out of action for a while, but Harris should be
> able
> to work out soon.
> Brown also said junior DE O. J. McClintock's arm and hand injuries might
> cause him to miss ""about half the season,"" but he also said he might be
> able
> to make it back quicker than that. McClintock suffered glass cuts to his
> arm
> and hand in a household accident last week and underwent emergency
> surgery.
> With McClintock on the shelf, at least temporarily, the only two
> out-of-state
> freshmen -  Kaelen Jakes, 6-5, 260, 4.8, of Valencia, Cal., and Eric
Hall,
>
> 6-3, 240, 4.6, of Clarksville, Tenn. - were getting close looks from the
> coaches because the Horns are thin in the defensive line.
> With the players working without pads, it's difficult to tell very much,
> but
> Brown and defensive coordinator Carl Reese both said they like the way
> Jakes
> runs and like his athleticism. Reese also said Hall has a chance to play
> ear
> ly because of the shortage of defensive ends.
> Reese also said the class of defensive backs ""is the best, as a group,
> since
> we've been here. They all have speed and the ability to cover
> man-for-man.""
> Offensive coordinator Greg Davis also praised the arm strength of his
> freshman QB, Matt Nordgren, 6-5, 215, 4.7, of   Dallas Bishop Lynch.
> Nordgren
> threw several passes more than 60 yards in the afternoon practice Tuesday
> and
> he threw them with some zip and good accuracy.
> The four walk-on kickers also were drawing close attention and all four
of
>
> them showed good leg strength and pretty good accuracy. They are Brady
> Noto,
> 5-10, 175, from Katy Taylor; David Pino, 5-8, 165, from Wichita Falls
> Rider;
> Dusty Mangum, 5-11, 175, from Mesquite, and James Baker, 6-0, 185, from
> Austin Westlake. Brown said he thinks all four of them have some talent
> and
> said the coaches hope one or two of them will be able to help solve the
> team's place-kicking problems.
> He said one thing that hampered all the kickers Tuesday was that none of
> the
> freshmen have experience as holders. Brian Carter, a WR/DB from The
> Woodlands, appeared to do a good job of holding in a pinch-hit role.
> Brown said some of the freshmen OLs ""are going to have to drop some
> weight.""
> He didn't name anyone, but William Winston of Houston Madison and
Terrance
>
> Young of Longview both appear to weigh well above 350 pounds.
> The freshmen will practice again at  9 a.m. and  5 p.m. on Wednesday. The

> varsity reports Thursday and the first full squad practice will be
> Saturday
> at 9 a.m. All the practices are open to the public.
> RECRUITING NOTES: LB Brian Robison, 6-3, 245, 4.6, of Splendora, one of
> the
> Longhorns' dozen early commitments, got word from Norfolk, Va., late
> Monday
> night that he had been named the outstanding male performer at the AAU
> Junior
> Olympics in Norfolk. As I reported in yesterday's e-mail/fax, he broke
his
>
> own national AAU Junior Olympic record by winning the discus with a 202-7

> throw and was second in the shot and sixth in the javelin. . . The
> Longhorns
> have commitments from DT Earl Anderson of San Marcos, who is No. 3 on my
> list
> of the state's top 25 ""difference makers, Robison, who is No. 17, and OL
> Brett Valdez of Brownwood, who is No. 23. They also are running No. 1
with
>
> several other members of that elite group, including No. 1 DT Rodriquie
> Wright of Alief Hastings, No. 9 LB Aaron Harris of North Mesquite, No. 15
> DT
> Marco Martin of Mesquite and No. 21 DE Dontriel Coates of Anahuac. They
> are
> tied for the lead with some of other ""difference makers,"" but they are
> clearly in the lead with the four I cited.
> * * * *
> My next e-mail/fax will be Wednesday, August 8.
> * * * *
> The True Orange E-Mail/Fax Service includes  at  least  99 fax/e-mails  a

> year and costs $99 ($79 by E-Mail). The True Orange Newsletter includes
> 26
> newsletters and is published weekly during football season and twice
> monthly
> during most of the other months. It costs $45. Save by subscribing to
both
>
> for $130 (or $110 if you take the faxes via E-Mail  or $99 if you take
> both
> services via E-Mail). Send check  to address at the top of page. I also
> update my 900 number - 1-900-288-8839 - frequently with recruiting
> news. My E-Mail address is: truorange@aol.com.

"
